,review_en,review_es,sentiment,sentimiento
0,"One of the other reviewers has mentioned that after watching just 1 Oz episode you'll be hooked. They are right, as this is exactly what happened with me.The first thing that struck me about Oz was its brutality and unflinching scenes of violence, which set in right from the word GO. Trust me, this is not a show for the faint hearted or timid. This show pulls no punches with regards to drugs, sex or violence. Its is hardcore, in the classic use of the word.It is called OZ as that is the nickname given to the Oswald Maximum Security State Penitentary. It focuses mainly on Emerald City, an experimental section of the prison where all the cells have glass fronts and face inwards, so privacy is not high on the agenda. Em City is home to many..Aryans, Muslims, gangstas, Latinos, Christians, Italians, Irish and more....so scuffles, death stares, dodgy dealings and shady agreements are never far away.I would say the main appeal of the show is due to the fact that it goes where other shows wouldn't dare. Forget pretty pictures painted for mainstream audiences, forget charm, forget romance...OZ doesn't mess around. The first episode I ever saw struck me as so nasty it was surreal, I couldn't say I was ready for it, but as I watched more, I developed a taste for Oz, and got accustomed to the high levels of graphic violence. Not just violence, but injustice (crooked guards who'll be sold out for a nickel, inmates who'll kill on order and get away with it, well mannered, middle class inmates being turned into prison bitches due to their lack of street skills or prison experience) Watching Oz, you may become comfortable with what is uncomfortable viewing....thats if you can get in touch with your darker side.","Uno de los otros críticos ha mencionado que después de ver solo 1 Oz Episodio, estará enganchado. Tienen razón, ya que esto es exactamente lo que sucedió conmigo. La primera cosa que me golpeó sobre Oz fue su brutalidad y sus escenas de violencia inconfiadas, que se encuentran a la derecha de la palabra. Confía en mí, este no es un espectáculo para los débiles de corazón o tímido. Este espectáculo no extrae punzones con respecto a las drogas, el sexo o la violencia. Es Hardcore, en el uso clásico de la palabra. Se llama OZ, ya que es el apodo dado al Penitenciario del Estado de Seguridad Máximo de Oswald. Se centra principalmente en la ciudad de Emeralda, una sección experimental de la prisión donde todas las células tienen frentes de vidrio y se enfrentan hacia adentro, por lo que la privacidad no es alta en la agenda. Em City es el hogar de muchos ... Fariarios, musulmanes, gangstas, latinos, cristianos, italianos, irlandeses y más ... así que las esposas, las miradas de muerte, las relaciones peligrosas y los acuerdos sombreados nunca están lejos. Yo diría el principal atractivo de El espectáculo se debe al hecho de que va donde otros espectáculos no se atreverían. Olvídate de las imágenes bonitas pintadas para las audiencias convencionales, olvidan el encanto, olviden el romance ... Oz no se mete. El primer episodio que he visto me sorprendió tan desagradable que fue surrealista, no podía decir que estaba listo para ello, pero cuando observé más, desarrollé un gusto por Oz, y me acostumbré a los altos niveles de violencia gráfica. No solo la violencia, sino la injusticia (Guardias torcidas que se vendrán por un níquel, los reclusos que se matarán en orden y se alejarán con él, de manera educada, los reclusos de clase media se convirtieron en perras de la prisión debido a su falta de habilidades callejeras O experiencia en la prisión) viendo oz, puede sentirse cómodo con lo que es incómodo visualización ... eso es si puedes ponerte en contacto con tu lado más oscuro.",positive,positivo
1,"A wonderful little production. The filming technique is very unassuming- very old-time-BBC fashion and gives a comforting, and sometimes discomforting, sense of realism to the entire piece. The actors are extremely well chosen- Michael Sheen not only ""has got all the polari"" but he has all the voices down pat too! You can truly see the seamless editing guided by the references to Williams' diary entries, not only is it well worth the watching but it is a terrificly written and performed piece. A masterful production about one of the great master's of comedy and his life. The realism really comes home with the little things: the fantasy of the guard which, rather than use the traditional 'dream' techniques remains solid then disappears. It plays on our knowledge and our senses, particularly with the scenes concerning Orton and Halliwell and the sets (particularly of their flat with Halliwell's murals decorating every surface) are terribly well done.","Una pequeña pequeña producción.La técnica de filmación es muy incuestionable, muy antigua, la moda de la BBC y le da una sensación de realismo reconfortante, y, a veces, incómodo, y, a veces, a la pieza.Los actores son extremadamente bien elegidos, Michael Sheen, no solo ""tiene todo el polari"", ¡pero tiene todas las voces por palmaditas!Realmente puede ver la edición perfecta guiada por las referencias a las entradas del diario de Williams, no solo vale la pena la observación, pero es una pieza imperrementemente escrita y realizada.Una producción magistral sobre uno de los grandes maestros de la comedia y su vida.El realismo realmente llega a casa con las pequeñas cosas: la fantasía del guardia que, en lugar de usar las técnicas de ""sueño"" tradicionales permanece sólido, entonces desaparece.Se desempeña nuestro conocimiento y nuestros sentidos, particularmente con las escenas relacionadas con Orton y Halliwell y los conjuntos (particularmente de su apartamento con murales de Halliwell que decoran cada superficie) están terriblemente bien hechos.",positive,positivo
2,"I thought this was a wonderful way to spend time on a too hot summer weekend, sitting in the air conditioned theater and watching a light-hearted comedy. The plot is simplistic, but the dialogue is witty and the characters are likable (even the well bread suspected serial killer). While some may be disappointed when they realize this is not Match Point 2: Risk Addiction, I thought it was proof that Woody Allen is still fully in control of the style many of us have grown to love.This was the most I'd laughed at one of Woody's comedies in years (dare I say a decade?). While I've never been impressed with Scarlet Johanson, in this she managed to tone down her ""sexy"" image and jumped right into a average, but spirited young woman.This may not be the crown jewel of his career, but it was wittier than ""Devil Wears Prada"" and more interesting than ""Superman"" a great comedy to go see with friends.","Pensé que esta era una manera maravillosa de pasar tiempo en un fin de semana de verano demasiado caliente, sentado en el teatro con aire acondicionado y observando una comedia alegre.La parcela es simplista, pero el diálogo es ingenioso y los personajes son agradables (incluso el asesino en serie de la sospecha de pan del pozo).Mientras que algunos pueden decepcionarse cuando se dan cuenta de que este no es el punto de partido 2: la adicción al riesgo, pensé que era una prueba de que Woody Allen todavía está en control del estilo que muchos de nosotros hemos crecido a amar. Esto fue el más reído.En una de las comedias de Woody en años (¡Dare, digo una década?).Mientras nunca me quedé impresionado con Scarlet Johanson, en esto logró tonificar su imagen ""sexy"" y saltó a una joven promedio, pero enérgica. Esto puede que no sea la joya de la corona de su carrera, pero fue Wittier.""El diablo viste prada"" y más interesante que ""Superman"" una gran comedia para ir a ver con amigos.",positive,positivo
3,"Basically there's a family where a little boy (Jake) thinks there's a zombie in his closet & his parents are fighting all the time.This movie is slower than a soap opera... and suddenly, Jake decides to become Rambo and kill the zombie.OK, first of all when you're going to make a film you must Decide if its a thriller or a drama! As a drama the movie is watchable. Parents are divorcing & arguing like in real life. And then we have Jake with his closet which totally ruins all the film! I expected to see a BOOGEYMAN similar movie, and instead i watched a drama with some meaningless thriller spots.3 out of 10 just for the well playing parents & descent dialogs. As for the shots with Jake: just ignore them.","Básicamente, hay una familia donde un niño pequeño (Jake) piensa que hay un zombie en su armario y sus padres están luchando todo el tiempo. Esta película es más lenta que una telenovela ... y de repente, Jake decide convertirse en Rambie y matar al zombi..OK, ¡ante todo cuando vas a hacer una película, debes decidir si es un thriller o un drama!Como drama, la película es vigilable.Los padres están divorciando y discutiendo como en la vida real.¡Y luego tenemos Jake con su armario que arruina totalmente toda la película!Esperaba ver una película similar a una boogeyman, y en lugar de eso, vi a un drama con algunos lugares de thriller sin sentido.3 de 10 solo para los diálogos de padres y descenso de los padres y los padres.En cuanto a los disparos con Jake: simplemente ignóralos.",negative,negativo
4,"Petter Mattei's ""Love in the Time of Money"" is a visually stunning film to watch. Mr. Mattei offers us a vivid portrait about human relations. This is a movie that seems to be telling us what money, power and success do to people in the different situations we encounter. This being a variation on the Arthur Schnitzler's play about the same theme, the director transfers the action to the present time New York where all these different characters meet and connect. Each one is connected in one way, or another to the next person, but no one seems to know the previous point of contact. Stylishly, the film has a sophisticated luxurious look. We are taken to see how these people live and the world they live in their own habitat.The only thing one gets out of all these souls in the picture is the different stages of loneliness each one inhabits. A big city is not exactly the best place in which human relations find sincere fulfillment, as one discerns is the case with most of the people we encounter.The acting is good under Mr. Mattei's direction. Steve Buscemi, Rosario Dawson, Carol Kane, Michael Imperioli, Adrian Grenier, and the rest of the talented cast, make these characters come alive.We wish Mr. Mattei good luck and await anxiously for his next work.","El ""amor en el tiempo"" de Petter Mattei es una película visualmente impresionante para ver. El Sr. Mattei nos ofrece un retrato vívido sobre las relaciones humanas. Esta es una película que parece estar diciéndonos qué dinero, poder y éxito le hacen a las personas en las diferentes situaciones que encontramos. Esta es una variación en el desempeño de Arthur Schnitzler sobre el mismo tema, el director transfiere la acción a la actual Nueva York, donde todos estos personajes diferentes se reúnen y se conectan. Cada uno está conectado de una manera u otro a la siguiente persona, pero nadie parece conocer el punto de contacto anterior. Con estilo, la película tiene un aspecto lujoso sofisticado. Nos toman para ver cómo viven estas personas y el mundo que viven en su propio hábitat. La única cosa que se sale de todas estas almas en la imagen son las diferentes etapas de la soledad, cada uno habita. Una gran ciudad no es exactamente el mejor lugar en el que las relaciones humanas encuentran un cumplimiento sincero, ya que un discernimiento es el caso con la mayoría de las personas que encontramos. La actuación es buena bajo la dirección del Sr. Mattei. Steve Buscemi, Rosario Dawson, Carol Kane, Michael Imperioli, Adrian Grenier y el resto del talentoso elenco, hacen que estos personajes cobren vida. Les deseamos que el Sr. Mattei tenga buena suerte y espere ansiosamente su próximo trabajo.",positive,positivo
5,"Probably my all-time favorite movie, a story of selflessness, sacrifice and dedication to a noble cause, but it's not preachy or boring. It just never gets old, despite my having seen it some 15 or more times in the last 25 years. Paul Lukas' performance brings tears to my eyes, and Bette Davis, in one of her very few truly sympathetic roles, is a delight. The kids are, as grandma says, more like ""dressed-up midgets"" than children, but that only makes them more fun to watch. And the mother's slow awakening to what's happening in the world and under her own roof is believable and startling. If I had a dozen thumbs, they'd all be ""up"" for this movie.","Probablemente mi película favorita de todos los tiempos, una historia de desinteresidad, sacrificio y dedicación a una causa noble, pero no es predicada ni aburrida.Simplemente nunca envejece, a pesar de haberlo visto unas 15 o más veces en los últimos 25 años.El rendimiento de Paul Lukas trae lágrimas a mis ojos, y Bette Davis, en uno de sus muy pocos roles verdaderamente simpáticos, es una deleite.Los niños son, como dice la abuela, más como ""vestidos de enanos"" que los niños, pero eso solo los hace más divertidos de ver.Y el lento despertar de la madre a lo que está sucediendo en el mundo y bajo su propio techo es creíble y sorprendente.Si tuviera una docena de pulgares, todos serían ""arriba"" para esta película.",positive,positivo
6,"I sure would like to see a resurrection of a up dated Seahunt series with the tech they have today it would bring back the kid excitement in me.I grew up on black and white TV and Seahunt with Gunsmoke were my hero's every week.You have my vote for a comeback of a new sea hunt.We need a change of pace in TV and this would work for a world of under water adventure.Oh by the way thank you for an outlet like this to view many viewpoints about TV and the many movies.So any ole way I believe I've got what I wanna say.Would be nice to read some more plus points about sea hunt.If my rhymes would be 10 lines would you let me submit,or leave me out to be in doubt and have me to quit,If this is so then I must go so lets do it.","Seguro que me gustaría ver una resurrección de una serie de Seahunt de Dated con la tecnología que tienen hoy. Traería la emoción del niño en mí. Crecí en la televisión en blanco y negro, la TV y la junta de mar con armas de arma eran mis héroes todas las semanas.Mi voto por un regreso de una nueva caza de mar. Necesitamos un cambio de ritmo en la televisión y esto funcionaría para un mundo de la aventura bajo el agua. Oh, por cierto, gracias por un punto de vista así para ver muchos puntos de vista sobre la televisión y elMuchas películas. Así que cualquier otra manera, creo que tengo lo que quiero decir. Sería bueno leer algunos puntos más más sobre la búsqueda del mar. Si mis rimas serían 10 líneas, ¿me dejaría presentarme o dejarme salir?Teniendo en duda y si me quites, si esto es así, entonces debo irme así que lo hagamos.",positive,positivo
7,"This show was an amazing, fresh & innovative idea in the 70's when it first aired. The first 7 or 8 years were brilliant, but things dropped off after that. By 1990, the show was not really funny anymore, and it's continued its decline further to the complete waste of time it is today.It's truly disgraceful how far this show has fallen. The writing is painfully bad, the performances are almost as bad - if not for the mildly entertaining respite of the guest-hosts, this show probably wouldn't still be on the air. I find it so hard to believe that the same creator that hand-selected the original cast also chose the band of hacks that followed. How can one recognize such brilliance and then see fit to replace it with such mediocrity? I felt I must give 2 stars out of respect for the original cast that made this show such a huge success. As it is now, the show is just awful. I can't believe it's still on the air.","Este espectáculo fue una idea increíble, fresca e innovadora en los años 70 cuando se emitió por primera vez.Los primeros 7 u 8 años fueron brillantes, pero las cosas se dejaron después de eso.Para 1990, el espectáculo ya no era realmente divertido, y continúa su descenso a la completa pérdida de tiempo que es hoy. Es verdaderamente vergonzosa hasta qué punto ha caído este espectáculo.La escritura es dolorosamente mala, las actuaciones son casi tan malas, si no para el respiro levemente entretenido de los hosts de invitados, este programa probablemente no estaría en el aire.Me resulta tan difícil creer que el mismo creador que seleccionó a mano el reparto original también eligió la banda de hacks que siguieron.¿Cómo se puede reconocer ese brillo y luego verlos adecuados para reemplazarlo con tal mediocridad?Sentí que debía darle a 2 estrellas del respeto por el elenco original que hizo que este programa fuera un gran éxito.Como es ahora, el espectáculo es simplemente horrible.No puedo creer que todavía esté en el aire.",negative,negativo
8,"Encouraged by the positive comments about this film on here I was looking forward to watching this film. Bad mistake. I've seen 950+ films and this is truly one of the worst of them - it's awful in almost every way: editing, pacing, storyline, 'acting,' soundtrack (the film's only song - a lame country tune - is played no less than four times). The film looks cheap and nasty and is boring in the extreme. Rarely have I been so happy to see the end credits of a film. The only thing that prevents me giving this a 1-score is Harvey Keitel - while this is far from his best performance he at least seems to be making a bit of an effort. One for Keitel obsessives only.","Alentados por los comentarios positivos sobre esta película aquí, estaba deseando ver esta película.Mal error.He visto 950+ películas y esto es verdaderamente uno de los peores de ellos, es horrible en casi todos los sentidos: la edición, la ritmo, la historia, la actuación "", la sola canción de la película, una melodía coja, no se juegamenos de cuatro veces).La película se ve barata y desagradable y es aburrida en el extremo.Rara vez he estado tan feliz de ver los créditos finales de una película.Lo único que me impide dar esto un puntaje de 1 es Harvey Keitel, mientras que esto está lejos de su mejor rendimiento, al menos parece estar haciendo un poco de esfuerzo.Uno solo para obsesivos de Keitel.",negative,negativo
9,"If you like original gut wrenching laughter you will like this movie. If you are young or old then you will love this movie, hell even my mom liked it.Great Camp!!!","Si te gusta la risa original desgarradora, te gustará esta película.Si eres joven o viejo, te encantará esta película, el infierno, incluso a mi mamá le gustó. ¡¡¡Campamento de Great !!!",positive,positivo
10,"Phil the Alien is one of those quirky films where the humour is based around the oddness of everything rather than actual punchlines.At first it was very odd and pretty funny but as the movie progressed I didn't find the jokes or oddness funny anymore.Its a low budget film (thats never a problem in itself), there were some pretty interesting characters, but eventually I just lost interest.I imagine this film would appeal to a stoner who is currently partaking.For something similar but better try ""Brother from another planet""","Phil El alienígena es una de esas películas peculiares donde el humor se basa en la rareza de todo en lugar de los Punchlines reales. En primer lugar, fue muy extraño y bastante divertido, pero a medida que avanzaba la película. Ya no encontré los chistes o la rareza.Es una película de bajo presupuesto (eso nunca es un problema en sí mismo), hubo algunos personajes bastante interesantes, pero eventualmente acabo de perder interés. Me imagino que esta película atraería a un Stoner que participe actualmente. Para algo similar, pero mejor intente ""hermanode otro planeta """,negative,negativo
11,"I saw this movie when I was about 12 when it came out. I recall the scariest scene was the big bird eating men dangling helplessly from parachutes right out of the air. The horror. The horror.As a young kid going to these cheesy B films on Saturday afternoons, I still was tired of the formula for these monster type movies that usually included the hero, a beautiful woman who might be the daughter of a professor and a happy resolution when the monster died in the end. I didn't care much for the romantic angle as a 12 year old and the predictable plots. I love them now for the unintentional humor.But, about a year or so later, I saw Psycho when it came out and I loved that the star, Janet Leigh, was bumped off early in the film. I sat up and took notice at that point. Since screenwriters are making up the story, make it up to be as scary as possible and not from a well-worn formula. There are no rules.","Vi esta película cuando tenía alrededor de 12 cuando salí.Recuerdo que la escena más aterradora era el gran ave que comía a los hombres colgando impotentes de los paracaídas justo fuera del aire.El horror.El horror. Un niño joven yendo a estas películas de Cheesy B los sábados por la tarde, todavía estaba cansado de la fórmula para estas películas de tipo monstruo que usualmente incluían al héroe, una hermosa mujer que podría ser la hija de un profesor y una resolución feliz.Cuando el monstruo murió al final.No me importaba mucho por el ángulo romántico como un niño de 12 años y las parcelas predecibles.Los amo ahora para el humor involuntario. Pero, aproximadamente un año más o menos, vi psycho cuando salí y me encantó que la estrella, Janet Leigh, fue golpeada temprano en la película.Me senté y me di cuenta en ese momento.Dado que los guionistas están inventando la historia, asegúrese de ser lo más aterrador posible y no de una fórmula bien usada.No hay reglas.",negative,negativo
12,"So im not a big fan of Boll's work but then again not many are. I enjoyed his movie Postal (maybe im the only one). Boll apparently bought the rights to use Far Cry long ago even before the game itself was even finsished. People who have enjoyed killing mercs and infiltrating secret research labs located on a tropical island should be warned, that this is not Far Cry... This is something Mr Boll have schemed together along with his legion of schmucks.. Feeling loneley on the set Mr Boll invites three of his countrymen to play with. These players go by the names of Til Schweiger, Udo Kier and Ralf Moeller.Three names that actually have made them selfs pretty big in the movie biz. So the tale goes like this, Jack Carver played by Til Schweiger (yes Carver is German all hail the bratwurst eating dudes!!) However I find that Tils acting in this movie is pretty badass.. People have complained about how he's not really staying true to the whole Carver agenda but we only saw carver in a first person perspective so we don't really know what he looked like when he was kicking a**.. However, the storyline in this film is beyond demented. We see the evil mad scientist Dr. Krieger played by Udo Kier, making Genetically-Mutated-soldiers or GMS as they are called. Performing his top-secret research on an island that reminds me of ""SPOILER"" Vancouver for some reason. Thats right no palm trees here. Instead we got some nice rich lumberjack-woods. We haven't even gone FAR before I started to CRY (mehehe) I cannot go on any more.. If you wanna stay true to Bolls shenanigans then go and see this movie you will not be disappointed it delivers the true Boll experience, meaning most of it will suck.There are some things worth mentioning that would imply that Boll did a good work on some areas of the film such as some nice boat and fighting scenes. Until the whole cromed/albino GMS squad enters the scene and everything just makes me laugh.. The movie Far Cry reeks of scheisse (that's poop for you simpletons) from a fa,r if you wanna take a wiff go ahead.. BTW Carver gets a very annoying sidekick who makes you wanna shoot him the first three minutes he's on screen.","Así que no soy un gran fanático del trabajo de Boll, pero de nuevo no muchos son. Disfruté su postal de la película (tal vez soy la única). Casco aparentemente compró los derechos para usar con diferencia de mucho tiempo, incluso antes de que el juego en sí se haya finalizado. Las personas que han disfrutado de matar a Mercs e infiltrantes laboratorios secretos de investigación ubicados en una isla tropical deben ser advertidos, que esto no está muy lejos ... Esto es algo que el Mr Boll se ha unido junto con su legión de Schmucks .. Sentir a Loneley en el set El señor Boll invita a tres de sus compatriotas para jugar. Estos jugadores van por los nombres de Til Schweiger, Udo Kier y Ralf Moeller.Tres, los nombres que realmente los han hecho, bastante grandes en la película Biz. Así que el cuento va así, Jack Carver interpretó a Til Schweiger (sí, SI CARVER es alemán, todo el brátwurst come dudes. VERDADERO a toda la agenda de Carver, pero solo vimos a Carver en una perspectiva de primera persona, por lo que realmente no sabemos lo que parecía cuando estaba pateando a un ** .. Sin embargo, la historia en esta película está más allá de los monos. Vemos al malvado científico loco, el Dr. Krieger interpretado por Udo Kier, lo que hace que los soldados genéticamente mutados o GMS a medida que se llaman. Realizando su investigación secreta en una isla que me recuerda a ""Spoiler"" Vancouver por alguna razón. Eso no tiene palmeras aquí. En su lugar, tenemos un bonito leñador rico en madera. Ni siquiera nos hemos ido mucho antes de empezar a llorar (MEHEHE), no puedo continuar .. Si quieres mantenernos fieles a los chuloles de Shenanigans, vaya a ver esta película, no se sentirá decepcionado, le decepcionará a la verdadera experiencia de Boll, lo que significa La mayoría de ella se chupará. Hay algunas cosas que vale la pena mencionar que implicaría que Boll hizo un buen trabajo en algunas áreas de la película, como algunas bonitas escenas de bote y luchas. Hasta que todo el escuadrón de GMS cromado / albino entra en la escena y todo me hace reír. La película llora lejos de Scheisse (eso es caca para ti simplones) de un Fa, r Si quieres tomar un wiff, adelante ... BTW Carver Obtiene un compañero muy molesto que te hace querer dispararle los primeros tres minutos que está en la pantalla.",negative,negativo
13,"The cast played Shakespeare.Shakespeare lost.I appreciate that this is trying to bring Shakespeare to the masses, but why ruin something so good.Is it because 'The Scottish Play' is my favorite Shakespeare? I do not know. What I do know is that a certain Rev Bowdler (hence bowdlerization) tried to do something similar in the Victorian era.In other words, you cannot improve perfection.I have no more to write but as I have to write at least ten lines of text (and English composition was never my forte I will just have to keep going and say that this movie, as the saying goes, just does not cut it.","El reparto jugó a Shakespeare.Shakespeare perdido. Aprecio que esto está tratando de traer a Shakespeare a las masas, pero ¿por qué arruinar algo tan bueno? ¿Es porque 'The Scottish Play' es mi Shakespeare favorito?No lo sé.Lo que sí sé es que un cierto agol parte bowdler (por lo tanto, la bowdlerization) trató de hacer algo similar en la era victoriana. En otras palabras, no puedes mejorar la perfección. No tengo más que escribir, pero como tengo que escribir al menos diez líneas deEl texto (y la composición inglesa nunca fue mi fuerte, solo tendré que seguir adelante y decir que esta película, como dice el dicho, simplemente no lo reduce.",negative,negativo
14,This a fantastic movie of three prisoners who become famous. One of the actors is george clooney and I'm not a fan but this roll is not bad. Another good thing about the movie is the soundtrack (The man of constant sorrow). I recommand this movie to everybody. Greetings Bart,"Esta es una fantástica película de tres prisioneros que se hacen famosos.Uno de los actores es George Clooney y no soy un fan, pero este rollo no es malo.Otra cosa buena de la película es la banda sonora (el hombre de tristeza constante).Recomiendo esta película a todos.Saludos bart",positive,positivo
15,"Kind of drawn in by the erotic scenes, only to realize this was one of the most amateurish and unbelievable bits of film I've ever seen. Sort of like a high school film project. What was Rosanna Arquette thinking?? And what was with all those stock characters in that bizarre supposed Midwest town? Pretty hard to get involved with this one. No lessons to be learned from it, no brilliant insights, just stilted and quite ridiculous (but lots of skin, if that intrigues you) videotaped nonsense....What was with the bisexual relationship, out of nowhere, after all the heterosexual encounters. And what was with that absurd dance, with everybody playing their stereotyped roles? Give this one a pass, it's like a million other miles of bad, wasted film, money that could have been spent on starving children or Aids in Africa.....","Tipo de las escenas eróticas, solo para darte cuenta de que era uno de los bits de película más aficionados e increíbles que he visto.Tipo de un proyecto de cine de secundaria.¿Qué pensaba Rosanna Arquette?¿Y qué fue con todos esos personajes de acciones en ese extraño pueblo medio oeste?Bastante difícil de involucrarse con este.No hay lecciones que aprender de ella, no hay ideas brillantes, simplemente íntimas y bastante ridículas (pero mucha piel, si eso lo intriga) grabó en video sin sentido ... lo que fue con la relación bisexual, de la nada, después de todos los encuentros heterosexuales..¿Y qué estaba con esa danza absurda, con todos jugando sus roles estereotipados?Dé a este pase, es como un millón de otras millas de películas malas, desperdiciadas, dinero que podría haberse gastado en niños de hambre o SIDA en África ...",negative,negativo
16,"Some films just simply should not be remade. This is one of them. In and of itself it is not a bad film. But it fails to capture the flavor and the terror of the 1963 film of the same title. Liam Neeson was excellent as he always is, and most of the cast holds up, with the exception of Owen Wilson, who just did not bring the right feel to the character of Luke. But the major fault with this version is that it strayed too far from the Shirley Jackson story in it's attempts to be grandiose and lost some of the thrill of the earlier film in a trade off for snazzier special effects. Again I will say that in and of itself it is not a bad film. But you will enjoy the friction of terror in the older version much more.","Algunas películas simplemente no deben ser rehacciones.Este es uno de ellos.En sí mismo no es una mala película.Pero no puede capturar el sabor y el terror de la película de 1963 del mismo título.Liam Neeson fue excelente, ya que él siempre es, y la mayor parte del reparto se detiene, con la excepción de Owen Wilson, quien simplemente no trajo la sensación correcta al carácter de Luke.Pero la falla importante con esta versión es que se desvió demasiado lejos de la historia de Shirley Jackson en sus intentos de ser grandiosos y perdió parte de la emoción de la película anterior en una compensación para los efectos especiales más suaves.Una vez más, diré que en sí mismo no es una mala película.Pero disfrutarás de la fricción del terror en la versión anterior mucho más.",positive,positivo
17,"This movie made it into one of my top 10 most awful movies. Horrible. There wasn't a continuous minute where there wasn't a fight with one monster or another. There was no chance for any character development, they were too busy running from one sword fight to another. I had no emotional attachment (except to the big bad machine that wanted to destroy them) Scenes were blatantly stolen from other movies, LOTR, Star Wars and Matrix. Examples>The ghost scene at the end was stolen from the final scene of the old Star Wars with Yoda, Obee One and Vader. >The spider machine in the beginning was exactly like Frodo being attacked by the spider in Return of the Kings. (Elijah Wood is the victim in both films) and wait......it hypnotizes (stings) its victim and wraps them up.....uh hello????>And the whole machine vs. humans theme WAS the Matrix..or Terminator.....There are more examples but why waste the time? And will someone tell me what was with the Nazi's?!?! Nazi's???? There was a juvenile story line rushed to a juvenile conclusion. The movie could not decide if it was a children's movie or an adult movie and wasn't much of either. Just awful. A real disappointment to say the least. Save your money.","Esta película lo convirtió en una de las 10 mejores películas más horribles. Horrible. No había un minuto continuo donde no había una pelea con un monstruo u otro. No había posibilidad de que ningún desarrollo de personajes, estaban demasiado ocupados corriendo de una lucha de espada a otra. No tuve un apego emocional (excepto a la gran máquina mala que quería destruirlos) las escenas fueron descaradamente robadas de otras películas, Lotr, Star Wars y Matrix. Ejemplos> La escena fantasma al final fue robada de la escena final de las viejas guerras de Star con Yoda, OBEE ONE y VADER. > La máquina de araña al principio era exactamente como Frodo es atacada por la araña a cambio de los reyes. (Elijah Wood es la víctima en ambas películas) y espera ...... Hypnotiza (picaduras) a su víctima y las envuelve ... Uh Hola ????> Y toda la máquina contra el tema de los humanos fue The Matrix..or Terminator ..... Hay más ejemplos, pero ¿por qué perder el tiempo? ¿Y alguien me dirá lo que estaba con los nazis?!?! ¿Los nazis ???? Había una línea de historia juvenil apresurada a una conclusión juvenil. La película no podía decidir si era una película para niños o una película para adultos y tampoco era mucho. Simplemente desagradable. Una verdadera decepción por decir lo menos. Ahorre su dinero.",negative,negativo
18,"I remember this film,it was the first film i had watched at the cinema the picture was dark in places i was very nervous it was back in 74/75 my Dad took me my brother & sister to Newbury cinema in Newbury Berkshire England. I recall the tigers and the lots of snow in the film also the appearance of Grizzly Adams actor Dan Haggery i think one of the tigers gets shot and dies. If anyone knows where to find this on DVD etc please let me know.The cinema now has been turned in a fitness club which is a very big shame as the nearest cinema now is 20 miles away, would love to hear from others who have seen this film or any other like it.","Recuerdo esta película, fue la primera película que había visto en el cine. La foto era oscura en los lugares. Estaba muy nervioso, estaba de vuelta en 74/75, mi papá me llevó a mi hermano y hermana de Newbury Cinema en Newbury Berkshire Inglaterra.Recuerdo a los Tigres y la gran cantidad de nieve en la película también la aparición del actor de Adams Grizzly Dan Haggery, creo que uno de los tigres se dispara y muere.Si alguien sabe dónde encontrar esto en DVD, etc., hágamelo saber. El cine ahora se ha convertido en un gimnasio, que es una vergüenza muy grande, ya que el cine más cercano ya está a 20 millas de distancia, le encantaría escuchar a otros que han vistoEsta película o cualquier otra como ella.",positive,positivo
19,"An awful film! It must have been up against some real stinkers to be nominated for the Golden Globe. They've taken the story of the first famous female Renaissance painter and mangled it beyond recognition. My complaint is not that they've taken liberties with the facts; if the story were good, that would perfectly fine. But it's simply bizarre -- by all accounts the true story of this artist would have made for a far better film, so why did they come up with this dishwater-dull script? I suppose there weren't enough naked people in the factual version. It's hurriedly capped off in the end with a summary of the artist's life -- we could have saved ourselves a couple of hours if they'd favored the rest of the film with same brevity.","Una película horrible!Debe haber estado en contra de algunos apestos reales para ser nominados para el Golden Globe.Han tomado la historia del primer pintor renacentista femenino famoso y lo destrozó más allá del reconocimiento.Mi queja no es que hayan tomado libertades con los hechos;Si la historia fuera buena, eso podría estar perfectamente bien.Pero es simplemente extraño, por todas las cuentas, la verdadera historia de este artista habría logrado una película mucho mejor, ¿por qué se les ocurrió este script sordo y aburrido?Supongo que no había suficientes personas desnudas en la versión fáctica.Está corriendo apresuradamente al final con un resumen de la vida del artista, podríamos habernos salvado un par de horas si habían favorecido el resto de la película con la misma brevedad.",negative,negativo
20,"After the success of Die Hard and it's sequels it's no surprise really that in the 1990s, a glut of 'Die Hard on a .....' movies cashed in on the wrong guy, wrong place, wrong time concept. That is what they did with Cliffhanger, Die Hard on a mountain just in time to rescue Sly 'Stop or My Mom Will Shoot' Stallone's career.Cliffhanger is one big nit-pickers dream, especially to those who are expert at mountain climbing, base-jumping, aviation, facial expressions, acting skills. All in all it's full of excuses to dismiss the film as one overblown pile of junk. Stallone even managed to get out-acted by a horse! However, if you an forget all the nonsense, it's actually a very lovable and undeniably entertaining romp that delivers as plenty of thrills, and unintentionally, plenty of laughs.You've got to love John Lithgows sneery evilness, his tick every box band of baddies, and best of all, the permanently harassed and hapless 'turncoat' agent, Rex Linn as Travers.He may of been Henry in 'Portrait of a Serial Killer' but Michael Rooker is noteworthy for a cringe-worthy performance as Hal, he insists on constantly shrieking in painful disbelief at his captors 'that man never hurt anybody' And whilst he surely can't be, it really does look like Ralph Waite's Frank character is grinning as the girl plummets to her death.Mention too must go to former 'London's Burning' actor Craig Fairbrass as the Brit bad guy, who comes a cropper whilst using Hal as a Human Football, yes, you can't help enjoy that bit, Hal needed a good kicking.So forget your better judgement, who cares if 'that could never happen', lower your acting expectations, turn up the volume and enjoy! And if you're looking for Qaulen, he's the one wearing the helicopter.","Después del éxito de la muerte, y se trata de que se trata de que no sea sorprendente que en realidad, en la década de 1990, un exceso de ""morir duro en un ..."" ""películas cobradas en el tipo equivocado, lugar equivocado, concepto de tiempo equivocado. Eso es lo que hicieron con Cliffhanger, morir con fuerza en una montaña justo a tiempo para rescatar 'Stop o mi mamá dispararán' Stallone's Career.cliffhanger es un gran sueño de Nit-Pickers, especialmente a aquellos que son expertos en la escalada de montaña, la base -Jumping, aviación, expresiones faciales, habilidades de actuación. En general, está lleno de excusas para despedir la película como una pila de basura. ¡Stallone incluso logró salir corrido por un caballo! Sin embargo, si se olvida de todas las tonterías, en realidad es un jugador muy amable e innegablemente entretenido que ofrece una gran cantidad de emociones, y involuntariamente, muchas risas, tienes que amar a John Lithgows Sney Malvanness, su garrapata de cada banda de caja de Baddies, y lo mejor de todo, el agente de 'TurnCoat' de forma permanente hostilizada y desventurada, Rex Linn como Travers. Puede haber sido Henry en 'Retrato de un asesino en serie', pero Michael Rooker es notable por un rendimiento digno de creshas como Hal, él Insiste en gritar constantemente en incredulidad dolorosa en sus captores ""que el hombre nunca lastimó a nadie"" y, seguramente, parece que realmente parece que el personaje franco de Ralph Waite es sonriendo cuando la niña se cuesta a su muerte. También debe ir a El ex actor de 'quema de Londres' Craig Fairbrass como el chico Brit Brit, que viene un cultivo mientras usa Hal como fútbol humano, sí, no puedes evitar disfrutar tanto, Hal necesitaba una buena patada. Así que olvida tu mejor juicio, quien se preocupa si 'eso nunca podría suceder ', ¡Baje sus expectativas de acción, encienda el volumen y disfrute! Y si estás buscando Qaulen, él es el que lleva el helicóptero.",positive,positivo
21,"I had the terrible misfortune of having to view this ""b-movie"" in it's entirety.All I have to say is--- save your time and money!!! This has got to be the worst b-movie of all time, it shouldn't even be called a b-movie, more like an f-movie! Because it fails in all aspects that make a good movie: the story is not interesting at all, all of the actors are paper-thin and not at all believable, it has bad direction and the action sequences are so fake it's almost funny.......almost.The movie is just packed full of crappy one-liners that no respectable person could find amusing in the least little bit.This movie is supposed to be geared towards men, but all the women in it are SO utterly unattractive, especially that old wrinkled thing that comes in towards the end. They try to appear sexy in those weird, horrible costumes and they fail miserably!!!Even some of the most ridiculous b-movies will still give you some laughs, but this is just too painful to watch!!","Tuve la terrible desgracia de tener que ver esta ""película B"" en su totalidad. Todo lo que tengo que decir es, ¡ahorra tu tiempo y dinero!¡Esto tiene que ser la peor película de B de todos los tiempos, ¡ni siquiera debería llamarse una película B, más como una película F!Debido a que falla en todos los aspectos que hacen una buena película: la historia no es interesante en absoluto, todos los actores son delgados de papel y no son creíbles, tiene una mala dirección y las secuencias de acción son tan falsas...... Casi. La película está llena de una solanerada de mierda, que ninguna persona respetable podría encontrar diversión en el menor poco. Esta película se supone que está orientada hacia los hombres, pero todas las mujeres en él son tan absolutamenteUn poco atractivo, especialmente esa vieja cosa arrugada que viene hacia el final.¡Intentan aparecer sexy en esos disfraces extraños y horribles y fallan miserablemente! Incluso algunas de las películas B más ridículas todavía te darán algunas risas, ¡pero esto es demasiado doloroso para ver!",negative,negativo
22,"What an absolutely stunning movie, if you have 2.5 hrs to kill, watch it, you won't regret it, it's too much fun! Rajnikanth carries the movie on his shoulders and although there isn't anything more other than him, I still liked it. The music by A.R.Rehman takes time to grow on you but after you heard it a few times, you really start liking it.","¡Qué película absolutamente impresionante, si tiene 2.5 horas para matar, verlo, no lo lamentará, ¡es muy divertido!Rajnikanth lleva la película sobre sus hombros y, aunque no hay nada más que él, todavía me gustó.La música de a.r.rehman toma tiempo para crecer en ti, pero después de que lo escuchaste unas cuantas veces, realmente empiezas a gustarte.",positive,positivo
23,"First of all, let's get a few things straight here: a) I AM an anime fan- always has been as a matter of fact (I used to watch Speed Racer all the time in Preschool). b) I DO like several B-Movies because they're hilarious. c) I like the Godzilla movies- a lot.Moving on, when the movie first comes on, it seems like it's going to be your usual B-movie, down to the crappy FX, but all a sudden- BOOM! the anime comes on! This is when the movie goes WWWAAAAAYYYYY downhill.The animation is VERY bad & cheap, even worse than what I remember from SPEED RACER, for crissakes! In fact, it's so cheap, one of the few scenes from the movie I ""vividly"" remember is when a bunch of kids run out of a school... & it's the same kids over & over again! The FX are terrible, too; the dinosaurs look worse than Godzilla. In addition, the transition to live action to animation is unorganized, the dialogue & voices(especially the English dub that I viewed) was horrid & I was begging my dad to take the tape out of the DVD/ VHS player; The only thing that kept me surviving was cracking out jokes & comments like the robots & Joel/Mike on MST3K (you pick the season). Honestly, this is the only way to barely enjoy this movie & survive it at the same time.Heck, I'm planning to show this to another fellow otaku pal of mine on Halloween for a B-Movie night. Because it's stupid, pretty painful to watch & unintentionally hilarious at the same time, I'm giving this movie a 3/10, an improvement from the 0.5/10 I was originally going to give it.(According to my grading scale: 3/10 means Pretty much both boring & bad. As fun as counting to three unless you find a way to make fun of it, then it will become as fun as counting to 15.)","En primer lugar, vamos a obtener algunas cosas directamente aquí: a) Soy un abanico de anime, siempre ha sido de hecho (solía ver a Speed ​​Racer todo el tiempo en preescolar). b) Me gustan las varias películas B porque son hilarantes. c) Me gustan las películas de Godzilla, mucho. Muchas veces, cuando se enciende la película, parece que va a ser tu película de B de usual, hasta el FX de Mierda, ¡pero todo un auge repentino! ¡El anime se enciende! Esto es cuando la película va wwwaaaaayyyyyy cuesta abajo. ¡La animación es muy mala y barata, incluso peor que lo que recuerdo de Speed ​​Racer, ¡para CrissTakes! De hecho, es tan barato, una de las pocas escenas de la película que ""vívidamente"" recuerda es cuando un grupo de niños se queda sin escuela ... ¡y son los mismos niños una y otra vez! El FX también es terrible; Los dinosaurios se ven peor que Godzilla. Además, la transición a la acción en vivo a la animación es desorganizada, el diálogo y las voces (especialmente el doblaje inglés que vio) era horrible y estaba rogando que mi padre saliera de la cinta del reproductor de DVD / VHS; Lo único que me mantuvo sobrevivido fue agrietar bromas y comentarios como los robots y Joel / Mike en MST3K (elige la temporada). Honestamente, esta es la única forma de disfrutar apenas de disfrutar de esta película y sobrevivirlo al mismo tiempo. ""Deck, estoy planeando mostrarle esto a otro compañero Otaku Pal mío en Halloween para una noche de cine B. Debido a que es estúpido, bastante doloroso ver y involuntariamente divertido al mismo tiempo, le doy a esta película un 3/10, una mejora del 0,5/10 que originalmente voy a dar. (De acuerdo con mi escala de calificación: 3 / 10 significa bastante aburrido y mal. Tan divertido como contar con tres a menos que encuentre una manera de burlarse de ello, entonces se volverá tan divertido como contando hasta 15.)",negative,negativo
24,This was the worst movie I saw at WorldFest and it also received the least amount of applause afterwards! I can only think it is receiving such recognition based on the amount of known actors in the film. It's great to see J.Beals but she's only in the movie for a few minutes. M.Parker is a much better actress than the part allowed for. The rest of the acting is hard to judge because the movie is so ridiculous and predictable. The main character is totally unsympathetic and therefore a bore to watch. There is no real emotional depth to the story. A movie revolving about an actor who can't get work doesn't feel very original to me. Nor does the development of the cop. It feels like one of many straight-to-video movies I saw back in the 90s ... And not even a good one in those standards.,"¡Esta fue la peor película que vi en WorldFest y también recibió la menor cantidad de aplausos después!Solo puedo pensar que está recibiendo dicho reconocimiento basado en la cantidad de actores conocidos en la película.Es genial ver a J.BEALS, pero ella está solo en la película durante unos minutos.M.Parker es una actriz mucho mejor que la parte permitida para.El resto de la actuación es difícil de juzgar porque la película es tan ridícula y predecible.El personaje principal es totalmente poco intimpático y, por lo tanto, un orificio para ver.No hay una profundidad emocional real a la historia.Una película que giraba sobre un actor que no puede obtener trabajo no me siento muy original para mí.Tampoco el desarrollo del policía.Se siente como una de las muchas películas directamente a video que vi en los años 90 ... y ni siquiera una buena en esos estándares.",negative,negativo
25,"The Karen Carpenter Story shows a little more about singer Karen Carpenter's complex life. Though it fails in giving accurate facts, and details.Cynthia Gibb (portrays Karen) was not a fine election. She is a good actress , but plays a very naive and sort of dumb Karen Carpenter. I think that the role needed a stronger character. Someone with a stronger personality.Louise Fletcher role as Agnes Carpenter is terrific, she does a great job as Karen's mother.It has great songs, which could have been included in a soundtrack album. Unfortunately they weren't, though this movie was on the top of the ratings in USA and other several countries","La historia de Karen Carpenter muestra un poco más sobre la vida compleja de Cantante Karen Carpenter.Aunque falla en dar hechos precisos, y detalles. Cynthia gibb (Portes Karen) no fue una buena elección.Ella es una buena actriz, pero juega muy ingenuamente y tipo de carpintero karen tonto.Creo que el papel necesitaba un carácter más fuerte.Alguien con una personalidad más fuerte. El papel de Fletcher, ya que Agnes Carpenter es excelente, ella hace un gran trabajo como la madre de Karen. Tiene grandes canciones, que podrían haberse incluido en un álbum de banda sonora.Lamentablemente, no lo fueron, aunque esta película estaba en la cima de las calificaciones en Estados Unidos y otros países.",positive,positivo
26,"""The Cell"" is an exotic masterpiece, a dizzying trip into not only the vast mind of a serial killer, but also into one of a very talented director. This is conclusive evidence of what can be achieved if human beings unleash their uninhibited imaginations. This is boldness at work, pushing aside thoughts to fall into formulas and cliches and creating something truly magnificent. This is the best movie of the year to date.I've read numerous complaints about this film, anywhere from all style and no substance to poorly cast characters and bad acting. To negatively criticize this film is to miss the point. This movie may be a landmark, a tradition where future movies will hopefully follow. ""The Cell"" has just opened the door to another world of imagination. So can we slam the door in its face and tell it and its director Tarsem Singh that we don't want any more? Personally, I would more than welcome another movie by Tarsem, and would love to see someone try to challenge him.We've all heard talk about going inside the mind of a serial killer, and yes, I do agree that the ""genre"" is a bit overworked. The 90s were full of movies trying to depict what makes serial killers tick; some of them worked, but most failed. But ""The Cell"" does not blaze down the same trail, we are given a new twist, we are physically transported into the mind and presented with nothing less than a fascinating journey of the most mysterious subject matter ever studied.I like how the movie does not bog us down with too much scientific jargon trying to explain how Jennifer Lopez actually gets to enter the brain of another. Instead, she just lies down on a laboratory table and is wrapped with what looks like really long Twizzlers and jaunted into another entity. ""The Cell"" wants to let you ""see"" what it's all about and not ""how"" it's all about, and I guess that's what some people don't like. True, I do like explanations with my movies, but when a movie ventures onto new ground you must let it do what it desires and simply take it in.I noticed how the film was very dark when it showed reality, maybe to contrast the bright visuals when inside the brain of another. Nonetheless, the set design was simply astonishing. I wouldn't be surprised if this film took home a few Oscars in cinematography, best costumes, best director and the like. If it were up to me it'd at least get nominated for best picture.I've noticed that I've kind of been repeating myself. Not because there's nothing else to say, but because I can't stress enough how fantastic I thought ""The Cell"" was. If you walk into the movie with a very open mind and to have it taken over with wonders and an eye-popping feast then you are assured a good time. I guess this film was just a little too much for some people, writing it off as ""weird"" or ""crazy"". I am very much into psychology and the imagination of the human mind, so it was right down my alley. Leaving the theater, I heard one audience member say ""Whoever made that movie sure did a lot of good drugs."" If so, I want what he was smoking.**** (out of 4)","""La célula"" es una obra maestra exótica, un viaje mareante no solo en la vasta mente de un asesino en serie, sino también en uno de un director muy talentoso. Esta es la evidencia concluyente de lo que se puede lograr si los seres humanos desatan sus imaginaciones desinhibidas. Esta es la audacia en el trabajo, empujando a un lado los pensamientos para caer en fórmulas y clichés y crear algo verdaderamente magnífico. Esta es la mejor película del año hasta la fecha. He leído numerosas quejas sobre esta película, en cualquier lugar de todo tipo de estilo y ninguna sustancia a personajes mal fundamentados y malas actuaciones. Para criticar negativamente a esta película es perder el punto. Esta película puede ser un hito, una tradición donde ocurra futuras películas. ""La celda"" acaba de abrir la puerta a otro mundo de la imaginación. Entonces, ¿podemos golpear la puerta en su cara y decirle a él y a su director Tarsem Singh que ya no queremos más? Personalmente, me gustaría darle la bienvenida a otra película de Tarsem, y me encantaría ver a alguien tratar de desafiarlo. Todos escuchamos hablar de ir dentro de la mente de un asesino en serie, y sí, estoy de acuerdo en que el ""género"" Es un poco excesivo. Los años 90 estaban llenos de películas que intentaban representar lo que hace que los asesinatos en serie se registren; Algunos de ellos trabajaron, pero la mayoría fracasó. Pero ""la célula"" no arma el mismo sendero, nos dan un nuevo giro, nos transportamos físicamente a la mente y nos presentamos nada menos que un viaje fascinante de la materia más misteriosa, siempre estudiada. Me gusta cómo la película No nos baula con demasiada jerga científica tratando de explicar cómo Jennifer López realmente entra en el cerebro de otro. En su lugar, ella solo se encuentra en una mesa de laboratorio y está envuelta con lo que parece muy larga twizzlers y se jacta en otra entidad. ""La celda"" quiere dejarte ""ver"" de qué se trata y no ""cómo"" se trata, y supongo que eso es lo que a algunas personas no les gusta. Es cierto, me gustan las explicaciones con mis películas, pero cuando una película se aventura en un nuevo terreno, debes dejarlo hacer lo que desea y simplemente tomarlo en. Noté cómo la película era muy oscura cuando mostraba la realidad, tal vez contrastar el brillante. Visuales cuando se encuentran dentro del cerebro de otro. No obstante, el diseño establecido era simplemente asombroso. No me sorprendería si esta película se llevara a casa unos pocos Oscars en cinematografía, los mejores disfraces, el mejor director y similares. Si estuviera depende de mí, al menos se nominaría para la mejor imagen. Me he dado cuenta de que me he estado repitiendo. No porque no haya nada más que decir, sino porque no puedo enfatizar lo suficiente, lo fantástico que pensé ""la celda"" era. Si entras en la película con una mente muy abierta y para que te tomes con las maravillas y una fiesta de cobertura de ojos, entonces te aseguraste un buen momento. Supongo que esta película fue un poco demasiado para algunas personas, escribiéndola como ""extraña"" o ""loca"". Estoy mucho en la psicología y la imaginación de la mente humana, así que estaba en mi callejón. Saliendo del teatro, escuché a un miembro de la audiencia decir: ""Quienquiera que haya hecho esa película, seguramente hizo muchas buenas drogas"". Si es así, quiero lo que estaba fumando. **** (de 4)",positive,positivo
27,"This film tried to be too many things all at once: stinging political satire, Hollywood blockbuster, sappy romantic comedy, family values promo... the list goes on and on. It failed miserably at all of them, but there was enough interest to keep me from turning it off until the end.Although I appreciate the spirit behind WAR, INC., it depresses me to see such a clumsy effort, especially when it will be taken by its targets to reflect the lack of the existence of a serious critique, rather than simply the poor writing, direction, and production of this particular film.There is a critique to be made about the corporatization of war. But poking fun at it in this way diminishes the true atrocity of what is happening. Reminds me a bit of THREE KINGS, which similarly trivializes a genuine cause for concern.","Esta película trató de ser demasiadas cosas, todo a la vez: punzando sátiras políticas, Hollywood Blockbuster, comedia romántica de Sappy, valores familiares promo ... la lista sigue y sigue.Falló miserablemente en todos ellos, pero hubo suficiente interés para evitar que me desvíe hasta el final. Aunque aprecio el Espíritu detrás de la guerra, inc., Me deprime que vea un esfuerzo tan torpe, especialmente cuando seaTomado por sus objetivos para reflejar la falta de la existencia de una crítica grave, en lugar de simplemente la mala redacción, dirección y producción de esta película en particular. Hay una crítica que se debe hacer sobre la corporatización de la guerra.Pero hurgando divertirse de esta manera disminuye la verdadera atrocidad de lo que está sucediendo.Me recuerda un poco de tres reyes, lo que de manera similar trivializa una causa genuina de preocupación.",negative,negativo
28,"This movie was so frustrating. Everything seemed energetic and I was totally prepared to have a good time. I at least thought I'd be able to stand it. But, I was wrong. First, the weird looping? It was like watching ""America's Funniest Home Videos"". The damn parents. I hated them so much. The stereo-typical Latino family? I need to speak with the person responsible for this. We need to have a talk. That little girl who was always hanging on someone? I just hated her and had to mention it. Now, the final scene transcends, I must say. It's so gloriously bad and full of badness that it is a movie of its own. What crappy dancing. Horrible and beautiful at once.","Esta película fue tan frustrante.Todo parecía enérgico y estaba totalmente preparado para pasar un buen rato.Al menos pensé que podría soportarlo.Pero estaba equivocado.Primero, el bucle raro?Era como ver ""los videos caseros más divertidos de América"".Los malditos padres.Los odiaba mucho.¿La familia latina típica estéreo?Necesito hablar con la persona responsable de esto.Necesitamos tener una charla.¿Esa niña que siempre estaba colgando a alguien?Acabo de odiarla y tuve que mencionarlo.Ahora, la escena final trasciende, debo decir.Es tan glorioso y lleno de maldad que es una película propia.Que bailando de mierda.Horrible y hermoso a la vez.",negative,negativo
29,"'War movie' is a Hollywood genre that has been done and redone so many times that clichéd dialogue, rehashed plot and over-the-top action sequences seem unavoidable for any conflict dealing with large-scale combat. Once in a while, however, a war movie comes along that goes against the grain and brings a truly original and compelling story to life on the silver screen. The Civil War-era ""Cold Mountain,"" starring Jude Law, Nicole Kidman and Renée Zellweger is such a film.Then again, calling Cold Mountain"" a war movie is not entirely accurate. True enough, the film opens with a (quite literally) quick-and-dirty battle sequence that puts ""Glory"" director Edward Zwick shame. However, ""Cold Mountain"" is not so much about the Civil War itself as it is about the period and the people of the times. The story centers around disgruntled Confederate soldier Inman, played by Jude Law, who becomes disgusted with the gruesome war and homesick for the beautiful hamlet of Cold Mountain, North Carolina and the equally beautiful southern belle he left behind, Ada Monroe, played by Nicole Kidman. At first glance, this setup appears formulaic as the romantic interest back home gives the audience enough sympathy to root for the reluctant soldier's tribulations on the battlefield. Indeed, the earlier segments of the film are relatively unimpressive and even somewhat contrived.""Cold Mountain"" soon takes a drastic turn, though, as the intrepid hero Inman turns out to be a deserter (incidentally saving the audience from the potentially confusing scenario of wanting to root for the Confederates) and begins a long odyssey homeward. Meanwhile, back at the farm, Ada's cultured ways prove of little use in the fields; soon she is transformed into something of a wilderbeast. Coming to Ada's rescue is the course, tough-as-nails Ruby Thewes, played by Renée Zellweger, who helps Ada put the farm back together and, perhaps more importantly, cope with the loneliness and isolation the war seems to have brought upon Ada.Within these two settings, a vivid, compelling and, at times, very disturbing portrait of the war-torn South unfolds. The characters with whom Inman and Ada interact are surprisingly complex, enhanced by wonderful performances of Brendan Gleeson as Ruby's deadbeat father, Ray Winstone as an unrepentant southern ""lawman,"" and Natalie Portman as a deeply troubled and isolated young mother. All have been greatly affected and changed by ""the war of Northern aggression,"" mostly for the worse. The dark, pervading anti-war message, accented by an effective, haunting score and chillingly beautiful shots of Virginia and North Carolina, is communicated to the audience not so much by gruesome battle scenes as by the scarred land and traumatized people for which the war was fought. Though the weapons and tactics of war itself have changed much in the past century, it's hellish effect on the land is timelessly relevant.Director Anthony Minghella manages to maintain this gloomy mood for most of the film, but the atmosphere is unfortunately denigrated by a rather tepid climax that does little justice to the wonderfully formed characters. The love story between Inman and Ada is awkwardly tacked onto the beginning and end of the film, though the inherently distant, abstracted and even absurd nature of their relationship in a way fits the dismal nature of the rest of the plot.Make no mistake, ""Cold Mountain"" has neither the traits of a feel-good romance nor an inspiring war drama. It is a unique vision of an era that is sure not only to entertain but also to truly absorb the audience into the lives of a people torn apart by a war and entirely desperate to be rid of its terrible repercussions altogether.","'Película de guerra' es un género de Hollywood que se ha hecho y rehecho tantas veces que el diálogo de cliché, la trama de reajuste y las secuencias de acción sobre la máxima sensación parecen inevitables para cualquier conflicto que se ocupe de un combate a gran escala. Sin embargo, de vez en cuando, aparece una película de guerra que va contra el grano y trae una historia verdaderamente original y convincente a la vida en la pantalla de plata. La era de la guerra civil ""Fried Mountain"", protagonizada por Jude Dery, Nicole Kidman y Renée Zellweger es una película de este tipo. Entonces, llamando a la Montaña Cold ""Una película de guerra no es del todo precisa. Lo suficientemente precioso), la película se abre con A (literalmente, literalmente ) Secuencia de batalla rápida y sucia que pone la vergüenza de la ""gloria"" de Edward Zwick. Sin embargo, la ""montaña fría"" no se trata de la guerra civil a sí misma, ya que es sobre el período y la gente de los tiempos. La historia se centra alrededor El soldado confederado enrojecido, el soldado, desempeñado por la ley de Judas, que se disgonera con la espantosa guerra y la nostalgia por la hermosa aldea de la montaña fría, Carolina del Norte y la belleza surhernal, que dejó atrás, Ada Monroe, interpretada por Nicole Kidman. A primera vista ¡Esta configuración aparece fórmulaica a medida que el interés romántico en casa le da a la audiencia suficiente simpatía a la raíz de las tribulaciones reticentes del soldado en el campo de batalla. De hecho, los segmentos anteriores de la película son relativamente poco impresionantes e incluso un poco contraprestantes En vivo. ""Sin embargo, la Montaña Frída"", sin embargo, se necesita un giro drástico, ya que el intrépido héroe Intrepid Inman resulta ser un desertor (ahorrando incidentalmente a la audiencia del escenario potencialmente confuso de querer arraigar los confederados) y comienza una larga Odyssey Inicio. Mientras tanto, de vuelta a la granja, las formas cultivadas de ADA proban poco uso en los campos; Pronto se transforma en algo de un Wilderbeast. Al venir al rescate de Ada, es el curso, tiendum, las nails Ruby Thes, interpreten por Renée Zellweger, que ayuda a Ada a colocar la granja y, quizás lo más importante, enfrentar la soledad y el aislamiento, la guerra parece haber traído a Ada. Dentro de estas dos configuraciones, se desarrolla un retrato vívido, convincente y, a veces, muy perturbador del sur rasgado de la guerra. Los personajes con los que interactúan en el que interactúan son sorprendentemente complejos, mejorados por maravillosos actuaciones de Brendan Gleeson como el padre de Deadbeat de Ruby, Ray Winstone como un ""legislador"" no declarado, y Natalie Portman, como una joven madre profundamente problemática y aislada. Todos han sido considerados enormemente afectados y cambiados por ""la guerra de la agresión del norte"", en su mayoría para peor. El mensaje antienvolumen oscuro, impregnado, acentuado por una puntuación efectiva y inquietante y hermosas hermosas tomas de Virginia y Carolina del Norte, se comunica a la audiencia, no tanto por las escenas de batalla espantosas como por la tierra cicatrizada y las personas traumatizadas para las cuales la guerra fue luchado Aunque las armas y tácticas de la guerra en sí han cambiado mucho en el siglo pasado, es un efecto infernal en la tierra es pertinente atemporamente. Elirector Anthony Minghella logra mantener este ambiente sombrío para la mayor parte de la película, pero el ambiente lamentablemente denigrado por un lugar más bien Climax tepid que hace poca justicia a los personajes maravillosamente formados. La historia de amor entre el inman y la ADA se destaca torpemente al principio y al final de la película, aunque la naturaleza intrínsecamente distante, abstraída e incluso absurda de su relación en una forma se ajusta a la naturaleza triste del resto de la trama. No hay error, ""Cold Mountain"" no tiene los rasgos de un buen romance ni un drama de guerra inspirador. Es una visión única de una era que está segura de no solo entretener, sino también para absorber verdaderamente a la audiencia en las vidas de una gente desgarrada por una guerra y completamente desesperada por deshacerse de sus terribles repercusiones por completo.",positive,positivo
30,"Taut and organically gripping, Edward Dmytryk's Crossfire is a distinctive suspense thriller, an unlikely ""message"" movie using the look and devices of the noir cycle.Bivouacked in Washington, DC, a company of soldiers cope with their restlessness by hanging out in bars. Three of them end up at a stranger's apartment where Robert Ryan, drunk and belligerent, beats their host (Sam Levene) to death because he happens to be Jewish. Police detective Robert Young investigates with the help of Robert Mitchum, who's assigned to Ryan's outfit. Suspicion falls on the second of the three (George Cooper), who has vanished. Ryan slays the third buddy (Steve Brodie) to insure his silence before Young closes in.Abetted by a superior script by John Paxton, Dmytryk draws precise performances from his three starring Bobs. Ryan, naturally, does his prototypical Angry White Male (and to the hilt), while Mitchum underplays with his characteristic alert nonchalance (his role, however, is not central); Young may never have been better. Gloria Grahame gives her first fully-fledged rendition of the smart-mouthed, vulnerable tramp, and, as a sad sack who's leeched into her life, Paul Kelly haunts us in a small, peripheral role that he makes memorable.The politically engaged Dmytryk perhaps inevitably succumbs to sermonizing, but it's pretty much confined to Young's reminiscence of how his Irish grandfather died at the hands of bigots a century earlier (thus, incidentally, stretching chronology to the limit). At least there's no attempt to render an explanation, however glib, of why Ryan hates Jews (and hillbillies and...).Curiously, Crossfire survives even the major change wrought upon it -- the novel it's based on (Richard Brooks' The Brick Foxhole) dealt with a gay-bashing murder. But homosexuality in 1947 was still Beyond The Pale. News of the Holocaust had, however, begun to emerge from the ashes of Europe, so Hollywood felt emboldened to register its protest against anti-Semitism (the studios always quaked at the prospect of offending any potential ticket buyer).But while the change from homophobia to anti-Semitism works in general, the specifics don't fit so smoothly. The victim's chatting up a lonesome, drunk young soldier then inviting him back home looks odd, even though (or especially since) there's a girlfriend in tow. It raises the question whether this scenario was retained inadvertently or left in as a discreet tip-off to the original engine generating Ryan's murderous rage.","Tenso y orgánicamente, el crossfire de Edward Dmytryk es un thriller de suspenso distintivo, una película improbable de ""mensaje"" usando el aspecto y los dispositivos del ciclo de Noir. En cuanto a Washington, DC, una compañía de soldados enfrentamos a su inquietud al salir de las barras. Tres de ellos terminan en el apartamento de un extraño donde Robert Ryan, borracho y beligerante, supera a su anfitrión (Sam Levene) hasta la muerte porque es judío. El detective de la policía Robert Young investiga con la ayuda de Robert Mitchum, que está asignado al atuendo de Ryan. La sospecha cae en la segunda de las tres (George Cooper), que ha desaparecido. Ryan mata al tercer amigo (Steve Brodie) para asegurar su silencio antes de que los jóvenes se cierren. By Pay PAXTON, Dmytryk, Dmytryk dibuja actuaciones precisas de sus tres bobs protagonistas. Ryan, naturalmente, hace su masculino blanco prototípico enojado (y hasta la empuñadura), mientras que Mitchum sajera con su alerta característica, la incorporación (su papel, sin embargo, no es central); Young puede que nunca haya sido mejor. Gloria Grahame le da a su primera interpretación totalmente con flecha del vagabundo, vulnerable vulnerable, y, como un saco triste, que le ha negado a su vida, Paul Kelly nos persigue en un papel pequeño y periférico que hace memorable. El DMYTRYK políticamente comprometido quizás Inevitablemente a Succums a sermonear, pero está bastante limitado a la reminiscencia de los jóvenes de cómo su abuelo irlandés murió a las manos de los fanáticos un siglo antes (por lo tanto, por cierto, estirando la cronología al límite). Al menos no hay ningún intento de hacer una explicación, sin embargo, Glib, de por qué Ryan odia a los judíos (y Hillbillies y ...). Curiosamente, Crossfire sobrevive incluso en el mayor cambio, la novela se basa en (Richard Brooks ' Ladrillo Foxhole) tratado con un asesinato gay-golpeando. Pero la homosexualidad en 1947 todavía estaba más allá de lo pálido. Sin embargo, las noticias del Holocausto tenían, sin embargo, comenzó a surgir de las cenizas de Europa, por lo que Hollywood se sintió envalentonada para registrar su protesta contra el antisemitismo (los estudios siempre temblan ante la posibilidad de ofender a cualquier posible comprador de boletos). Pero mientras que el cambio de Homofobia al antisemitismo funciona en general, los detalles no se ajustan tan suavemente. La víctima que charla con un soldado solitario solitario y borracho, lo que lo invitó a su regreso a su casa parece extraño, aunque (o especialmente ya que) hay una novia a poca distancia. Plantea la cuestión de si este escenario se mantuvo inadvertidamente o se dejó como una punta discreta al motor original que genera la rabia asesina de Ryan.",positive,positivo
31,"""Ardh Satya"" is one of the finest film ever made in Indian Cinema. Directed by the great director Govind Nihalani, this one is the most successful Hard Hitting Parallel Cinema which also turned out to be a Commercial Success. Even today, Ardh Satya is an inspiration for all leading directors of India.The film tells the Real-life Scenario of Mumbai Police of the 70s. Unlike any Police of other cities in India, Mumbai Police encompasses a Different system altogether. Govind Nihalani creates a very practical Outlay with real life approach of Mumbai Police Environment.Amongst various Police officers & colleagues, the film describes the story of Anand Velankar, a young hot-blooded Cop coming from a poor family. His father is a harsh Police Constable. Anand himself suffers from his father's ideologies & incidences of his father's Atrocities on his mother. Anand's approach towards immediate action against crime, is an inert craving for his own Job satisfaction. The film is here revolved in a Plot wherein Anand's constant efforts against crime are trampled by his seniors.This leads to frustrations, as he cannot achieve the desired Job-satisfaction. Resulting from the frustrations, his anger is expressed in excessive violence in the remand rooms & bars, also turning him to an alcoholic.The Spirit within him is still alive, as he constantly fights the system. He is aware of the system of the Metro, where the Police & Politicians are a inertly associated by far end. His compromise towards unethical practice is negative. Finally he gets suspended.The Direction is a master piece & thoroughly hard core. One of the best memorable scenes is when Anand breaks in the Underworld gangster Rama Shetty's house to arrest him, followed by short conversation which is fantastic. At many scenes, the film has Hair-raising moments.The Practical approach of Script is a major Punch. Alcoholism, Corruption, Political Influence, Courage, Deceptions all are integral part of Mumbai police even today. Those aspects are dealt brilliantly.Finally, the films belongs to the One man show, Om Puri portraying Anand Velankar traversing through all his emotions absolutely brilliantly.","""Ardh Satya"" es una de las mejores películas que se haya hecho en el cine indio. Dirigida por el Gran Director Govind Nihalani, este es el cine paralelo más exitoso, que también resultó ser un éxito comercial. Incluso hoy en día, Ardh Satya es una inspiración para todos los directores líderes de la India. La película cuenta el escenario de la vida real de la policía de Mumbai de los años 70. A diferencia de cualquier policía de otras ciudades en la India, la policía de Mumbai abarca un sistema diferente por completo. Govind Nihalani crea un desembolso muy práctico con el enfoque de la vida real del entorno policial de Mumbai. Varios oficiales y colegas de la policía, la película describe la historia de Anand Velankar, un joven policía de sangre caliente proveniente de una familia pobre. Su padre es un agente de policía áspera. El mismo anando sufre de las ideologías e incidencias de su padre de las atrocidades de su padre en su madre. El enfoque de Anand hacia la acción inmediata contra el crimen, es un deseo inerte para su propia satisfacción laboral. La película está aquí girada en una parcela en la que los esfuerzos constantes de Anand contra el crimen son pisoteados por sus mayores. Esto conduce a frustraciones, ya que no puede lograr la satisfacción laboral deseada. Resultando de las frustraciones, su ira se expresa en excesiva violencia en las salas y bares de remordimientos, también lo convierten en un alcohólico. El espíritu dentro de él sigue vivo, ya que lucha constantemente al sistema. Él es consciente del sistema del metro, donde la policía y los políticos están asociados inercamente con el extremo lejano. Su compromiso hacia la práctica no ética es negativa. Finalmente se suspende. La dirección es una pieza maestra y un núcleo muy duro. Una de las mejores escenas memorables es cuando el andán se rompe en la casa del gángster de los gángsters de Rama de Rama para arrestarlo, seguido de una conversación corta que es fantástica. En muchas escenas, la película tiene momentos de levantamiento de cabello. El enfoque práctico del guión es un golpe importante. El alcoholismo, la corrupción, la influencia política, el coraje, las decisiones son parte integral de la policía de Mumbai incluso hoy en día. Esos aspectos son tratados brillantemente. Finalmente, las películas pertenecen a la demostración de un hombre, Om Puri retrató a And y Velankar atravesando todas sus emociones absolutamente brillantemente.",positive,positivo
32,"My first exposure to the Templarios & not a good one. I was excited to find this title among the offerings from Anchor Bay Video, which has brought us other cult classics such as ""Spider Baby"". The print quality is excellent, but this alone can't hide the fact that the film is deadly dull. There's a thrilling opening sequence in which the villagers exact a terrible revenge on the Templars (& set the whole thing in motion), but everything else in the movie is slow, ponderous &, ultimately, unfulfilling. Adding insult to injury: the movie was dubbed, not subtitled, as promised on the video jacket.","Mi primera exposición a los templarios y no es una buena.Estaba emocionado de encontrar este título entre las ofrendas del video de Anchor Bay, que nos ha traído otros clásicos de culto, como ""Spider Baby"".La calidad de impresión es excelente, pero esto solo no puede ocultar el hecho de que la película es mortal aburrida.Hay una secuencia de apertura emocionante en la que los aldeanos exigen una venganza terrible en los templarios (y establecen todo el motivo), pero todo lo demás en la película es lento, pesado y, en última instancia, sin satisfacer.Añadiendo insulto a la lesión: la película fue apodada, no subtitulada, como se prometió en la chaqueta de video.",negative,negativo
33,"One of the most significant quotes from the entire film is pronounced halfway through by the protagonist, the mafia middle-man Titta Di Girolamo, a physically non-descript, middle-aged man originally from Salerno in Southern Italy. When we're introduced to him at the start of the film, he's been living a non-life in an elegant but sterile hotel in the Italian-speaking Canton of Switzerland for the last ten years, conducting a business we are only gradually introduced to. While this pivotal yet apparently unremarkable scene takes place employees of the the Swiss bank who normally count Di Girolamo's cash tell him that 10,000 dollars are missing from his usual suitcase full of tightly stacked banknotes. At the news, he quietly but icily threatens his coaxing bank manager of wanting to close down his account. Meanwhile he tells us, the spectators, that when you bluff, you have to bluff right through to the end without fear of being caught out or appearing ridiculous. He says: you can't bluff for a while and then halfway through, tell the truth. Having eventually done this - bluffed only halfway through and told the truth, and having accepted the consequences of life and ultimately, love - is exactly the reason behind the beginning of Titta Di Girolamo's troubles. This initially unsympathetic character, a scowling, taciturn, curt man on the verge of 50, a man who won't even reply in kind to chambermaids and waitresses who say hello and goodbye, becomes at one point someone the spectator cares deeply about. At one point in his non-life, Titta decides to feel concern about appearing ""ridiculous"". The first half of the film may be described as ""slow"" by some. It does indeed reveal Di Girolamo's days and nights in that hotel at an oddly disjoined, deliberate pace, revealing seemingly mundane and irrelevant details. However, scenes that may have seemed unnecessary reveal just how essential they are as this masterfully constructed and innovative film unfolds before your eyes. The existence of Titta Di Girolamo - the man with no imagination, identity or life, the unsympathetic character you unexpectedly end up loving and feeling for when you least thought you would - is also conveyed with elegantly edited sequences and very interesting use of music (one theme by the Scottish band Boards of Canada especially stood out). Never was the contrast between the way Hollywood and Italy treat mobsters more at odds than since the release of films such as Le Conseguenze dell'Amore or L'Imbalsamatore. Another interesting element was the way in which the film made use of the protagonist's insomnia. Not unlike The Machinist (and in a far more explicit way, the Al Pacino film Insomnia), Le Conseguenze dell'Amore uses this condition to symbolise a deeper emotional malaise that's been rammed so deep into the obscurity of the unconscious, it's almost impossible to pin-point its cause (if indeed there is one). The young and sympathetic hotel waitress Sofia (played by Olivia Magnani, grand-daughter of the legendary Anna) and the memory of Titta's best friend, a man whom he hasn't seen in 20 years, unexpectedly provide a tiny window onto life that Titta eventually (though tentatively at first) accepts to look through again. Though it's never explicitly spelt out, the spectator KNOWS that to a man like Titta, accepting The Consequences of Love will have unimaginable consequences. A film without a single scene of sex or violence, a film that unfolds in its own time and concedes nothing to the spectator's expectations, Le Conseguenze dell'Amore is a fine representative of that small, quiet, discreet Renaissance that has been taking place in Italian cinema since the decline of Cinecittà during the second half of the 70s. The world is waiting for Italy to produce more Il Postino-like fare, more La Vita è Bella-style films... neglecting to explore fine creations like Le Conseguenze dell'Amore, L'Imbalsamatore and others. Your loss, world.","Una de las citas más significativas de toda la película se pronuncia a mitad de camino por el protagonista, la mafia, el hombre medio Titta di Girolamo, un hombre físico no descriptivo, de mediana edad, originalmente de Salerno en el sur de Italia. Cuando le presentamos al inicio de la película, ha estado viviendo una no vida en un hotel elegante pero estéril en el cantón de Switzerland de habla italiana durante los últimos diez años, realizando una empresa que solo presentamos gradualmente . Si bien esta escena pivotante pero aparentemente transparente tiene lugar a los empleados del banco suizo que normalmente cuentan el efectivo de Di Girolamo, le dice que 10,000 dólares faltan en su maleta habitual llena de billetes de banco apilados. En la noticia, él silenciosamente, pero heladamente amenaza con su gerente del banco coaxial de querer cerrar su cuenta. Mientras tanto, nos dice, los espectadores, que cuando se acantilan, tienes que acallarte hasta el final sin temor a ser atrapado o apareciendo ridículo. Él dice: No puedes aclarar por un tiempo y luego a la mitad, decir la verdad. Eventualmente, habiendo hecho esto, se hizo impulsado solo a la mitad y dijo la verdad, y habiendo aceptado las consecuencias de la vida y, en última instancia, el amor, es exactamente la razón detrás del comienzo de los problemas de Titta di Girolamo. Este personaje inicialmente antipático, un canto, taciturno, taciturno, cortaduría al borde de 50, un hombre que ni siquiera responderá en especie a camareras y camareras que dicen hola y adiós, se convierte en un momento en que el espectador se preocupa profundamente. En un momento dado su vida, Titta decide sentir preocupación por aparecer ""ridículo"". La primera mitad de la película puede ser descrita como ""lenta"" por algunos. De hecho, revela los días y las noches de Di Girolamo en ese hotel a un ritmo extraño, deliberado, revelando detalles aparentemente mundanos e irrelevantes. Sin embargo, las escenas que puedan haber parecido innecesarias revelan cuán es lo que es lo esencial que son como esta película construida magistralmente e innovadora se desarrolla ante sus ojos. La existencia de Titta di Girolamo: el hombre sin imaginación, identidad o vida, el personaje antipático que termina inesperadamente, por lo que, por lo que menos pensaste que lo harías, también se transmite con secuencias elegantemente editadas y un uso muy interesante de la música (uno El tema de los tableros de banda escocesa de Canadá se destacó especialmente). Nunca fue el contraste entre la forma en que Hollywood e Italia tratan a los mafiosos más en desacuerdo que desde la liberación de películas, como Le CONSEGUENZE DELL'AMORE o L'Imbalsamatore. Otro elemento interesante fue la forma en que la película hizo uso del insomnio del protagonista. No, a diferencia del maquinista (y de una manera mucho más explícita, el insomnio de la película de Al Pacino), Le Consokenze Dell'Amore usa esta condición para simbolizar un malestar emocional más profundo que se ha emborrado tan profundamente en la oscuridad del inconsciente, es casi imposible Pin-Point su causa (si es de hecho hay una). El joven y simpático de la camarera del hotel Sofía (interpretado por Olivia Magnani, nieta de la legendaria Anna) y el recuerdo de la mejor amiga de Titta, un hombre que no ha visto en 20 años, inesperadamente proporciona una pequeña ventana en la vida que Titta Titta Eventualmente (aunque tentativamente al principio) acepta mirar nuevamente. Aunque nunca se deletrea explícitamente, el espectador sabe que a un hombre como Titta, aceptar las consecuencias del amor tendrá consecuencias inimaginables. Una película sin una sola escena de sexo o violencia, una película que se desarrolla en su propio tiempo y no concede nada a las expectativas del espectador, Le Consokenze Dell'Amore es un excelente representante de ese pequeño y tranquilo renacimiento discreto que se ha llevado a cabo en Cine italiano desde la disminución de Cinecittà durante la segunda mitad de los años 70. El mundo está esperando que Italia produzca más tarifas similares a IL Postino, más películas de estilo de la Vita è Bella ... que descuidan explorar finas creaciones como Le CONSUEGUENZE DELL'AMORE, L'Imbalsamatore y otros. Tu pérdida, mundo.",positive,positivo
34,"I watched this film not really expecting much, I got it in a pack of 5 films, all of which were pretty terrible in their own way for under a fiver so what could I expect? and you know what I was right, they were all terrible, this movie has a few (and a few is stretching it) interesting points, the occasional camcorder view is a nice touch, the drummer is very like a drummer, i.e damned annoying and, well thats about it actually, the problem is that its just so boring, in what I can only assume was an attempt to build tension, a whole lot of nothing happens and when it does its utterly tedious (I had my thumb on the fast forward button, ready to press for most of the movie, but gave it a go) and seriously is the lead singer of the band that great looking, coz they don't half mention how beautiful he is a hell of a lot, I thought he looked a bit like a meercat, all this and I haven't even mentioned the killer, I'm not even gonna go into it, its just not worth explaining. Anyway as far as I'm concerned Star and London are just about the only reason to watch this and with the exception of London (who was actually quite funny) it wasn't because of their acting talent, I've certainly seen a lot worse, but I've also seen a lot better. Best avoid unless your bored of watching paint dry.","Vi a esta película, no esperaba mucho, lo tengo en un paquete de 5 películas, todas las cuales eran bastante terribles a su manera por debajo de un Fiver, ¿qué podría esperar? Y sabes lo que tenía en lo correcto, todos eran terribles, esta película tiene algunos (y unos pocos están estirándolo) puntos interesantes, la vista ocasional de la videocámara es un buen toque, el baterista es muy parecido a un baterista, es decir, condenadamente molesto y Bueno, bueno, en realidad, el problema es que es tan aburrido, en lo que solo puedo asumir fue un intento de construir tensión, toda nada sucede y cuando lo hace completamente tedioso (tuve mi pulgar en el ayuno Botón hacia adelante, listo para presionar para la mayor parte de la película, pero le dio una oportunidad) y en serio es el cantante principal de la banda que está muy bien, porque no mencionan lo bello que es un poco, pensé. Parecía un poco como un Meercat, todo esto y ni siquiera he mencionado al asesino, ni siquiera voy a entrar en él, no vale la pena explicar. De todos modos, en lo que a mí respecta a Star y Londres, son solo la única razón para ver esto y con la excepción de Londres (que en realidad era bastante divertido) no fue por su talento actuando, ciertamente he visto mucho. Peor aún, pero también he visto mucho mejor. Mejor evitar a menos que esté aburrido de ver la pintura seca.",negative,negativo
35,"I bought this film at Blockbuster for $3.00, because it sounded interesting (a bit Ranma-esque, with the idea of someone dragging around a skeleton), because there was a cute girl in a mini-skirt on the back, and because there was a Restricted Viewing sticker on it. I thought it was going to be a sweet or at least sincere coming of age story with a weird indie edge. I was 100% wrong.Having watched it, I have to wonder how it got the restricted sticker, since there is hardly any foul language, little violence, and the closest thing to nudity (Honestly! I don't usually go around hoping for it!) is when the girl is in her nightgown and you see her panties (you see her panties a lot in this movie, because no matter what, she's wearing a miniskirt of some sort). Even the anti-religious humor is tame (and lame, caricatured, insincere, derivative, unoriginal, and worst of all not funny in the slightest--it would be better just to listen to Ray Stevens' ""Would Jesus Wear a Rolex on His Television Show""). This would barely qualify as PG-13 (it is Not Rated), but Blockbuster refuses to let anyone under the age of 17 rent this--as if it was pornographic. Any little kid could go in there and rent the edited version of Requiem for a Dream, but they insist that Zack and Reba is worse.It is, but not in that way.In a way, this worries me--the only thing left that could offend people is the idea of the suicide at the beginning. If anybody needs to see movies with honestly portrayed suicides (not this one, but better ones like The Virgin Suicides), it's teenagers. If both of those movies were rated R purely because of the suicide aspect, then I have little chance of turning a story I've been writing into a PG-13 movie (the main characters are eleven and a half and twelve). Suicide is one of the top three leading causes of death in teenagers (I think it's number 2), so chances are that most teens have been or will be affected by it.Just say no to this movie, though. 2/10.","Compré esta película en Blockbuster por $ 3.00, porque sonaba interesante (un poco de Ranma-esque, con la idea de que alguien arrastraba alrededor de un esqueleto), porque había una linda chica en una minifalda en la espalda, y porque había Una etiqueta de visualización restringida. Pensé que iba a ser un dulce o al menos sincero historia de edad con un extraño borde indie. Estaba 100% equivocado. La navegación lo vio, tengo que preguntarme cómo consiguió la etiqueta restringida, ya que casi no hay un lenguaje asqueroso, poca violencia, y lo más cercano a la desnudez (honestamente! Normalmente, no sé la esperanza de la esperanza. ¡Es!) Es cuando la niña está en su camisón y ves sus bragas (ves sus bragas mucho en esta película, porque no importa qué, está usando una minifalda de algún tipo). Incluso el humor anti-religioso es domesticado (y cojo, caricaturado, insincero, derivado, poco original y lo peor de todo no divertido en lo más mínimo, sería mejor escuchar a Ray Stevens """" ¿Jesús usaría un Rolex en su Programa de televisión""). Esto apenas calificaría como PG-13 (no está calificado), pero Blockbuster se niega a dejar que cualquier persona menor de 17 años alquile esto, como si fuera pornográfico. Cualquier niño pequeño podría ir allí y alquilar la versión editada de Requiem por un sueño, pero insisten en que Zack y Reba es peor. Es, pero no de esa manera. En cierto modo, esto me preocupa, lo único que queda. Eso podría ofender a las personas es la idea del suicidio al principio. Si alguien necesita ver películas con suicidios honestamente retratados (no esta, pero mejores como los suicidios virgen), son adolescentes. Si ambas de esas películas se calificaron r, simplemente debido al aspecto del suicidio, entonces tengo pocas posibilidades de convertir una historia que he estado escribiendo en una película PG-13 (los personajes principales tienen once y medio y doce). El suicidio es una de las tres principales causas principales de la muerte en adolescentes (creo que es el número 2), por lo que es probable que la mayoría de los adolescentes hayan sido o se verán afectados por él. Sin embargo, diríjase a la película. 2/10.",negative,negativo
36,"The plot is about the death of little children. Hopper is the one who has to investigate the killings. During the movie it appears that he has some troubles with his daughter. In the end the serial killer get caught. That's it. But before you find out who dunnit, you have to see some terrible acting by all of the actors. It is unbelievable how bad these actors are, including Hopper. I could go on like this but that to much of a waste of my time. Just don't watch the movie. I've warned you.","La parcela es sobre la muerte de los niños pequeños.La tolva es la que tiene que investigar los asesinatos.Durante la película, parece que tiene algunos problemas con su hija.Al final, el asesino en serie se captura.Eso es.Pero antes de descubrir quién se dunnit, tienes que ver un actor terrible por parte de todos los actores.Es increíble lo mal que son estos actores, incluida la tolva.Podría seguir así, pero eso a gran pérdida de mi tiempo.Simplemente no veas la película.Te he advertido.",negative,negativo
37,"Ever watched a movie that lost the plot? Well, this didn't even really have one to begin with.Where to begin? The achingly tedious scenes of our heroine sitting around the house with actually no sense of menace or even foreboding created even during the apparently constant thunderstorms (that are strangely never actually heard in the house-great double glazing)? The house that is apparently only a few miles from a town yet is several hours walk away(?) or the third girl who serves no purpose to the plot except to provide a surprisingly quick gory murder just as the tedium becomes unbearable? Or even the beginning which suggests a spate of 20+ killings throughout the area even though it is apparent the killer never ventures far from the house? Or the bizarre ritual with the salt & pepper that pretty much sums up most of the films inherent lack of direction.Add a lead actress who can't act but at least is willing to do some completely irrelevant nude shower scenes and this video is truly nasty, but not in the way you hope.Given a following simply for being banned in the UK in the 80's (mostly because of a final surprisingly over extended murder) it offers nothing but curiosity value- and one classic 'daft' murder (don't worry-its telegraphed at least ten minutes before).After a walk in the woods our victim comes to a rather steep upward slope which they obviously struggle up. Halfway through they see a figure at the top dressed in black and brandishing a large scythe. What do they do? Slide down and run like the rest of us? No, of course not- they struggle to the top and stand conveniently nice and upright in front of the murder weapon.It really IS only a movie as they say..","¿Alguna vez vio una película que perdió la parcela? Bueno, esto ni siquiera realmente tenía uno para empezar. ¿Dónde empezar? Las escenas anudosas de nuestra heroína sentada alrededor de la casa con en realidad no hay sensación de amenaza o incluso presentimiento creado incluso durante las tormentas eléctricas aparentemente constantes (que nunca se escuchan extrañamente en la casa, ¡un gran doble acristalamiento)? La casa que aparentemente está a solo unos kilómetros de una ciudad, ¡ya se encuentra a varias horas a pie (?) O la tercera chica que no tiene ningún propósito para la trama, excepto para proporcionar un asesinato sorprendentemente rápido de Gory, así como el tedio se vuelve insoportable. O incluso el comienzo, lo que sugiere una pala de más de 20 asesinatos en todo el área, a pesar de que es evidente que el asesino nunca se aventura lejos de la casa. O el extraño ritual con la sal y la pimienta que casi resume la mayoría de las películas inherentes la falta de dirección. Añadir una actriz principal que no puede actuar, pero al menos está dispuesta a hacer algunas escenas de ducha desnuda completamente irrelevantes y este video es verdaderamente Desagrad, pero no en la forma en que esperas. A continuación, simplemente por ser prohibido en el Reino Unido en los años 80 (principalmente debido a un último asesinato sorprendentemente sobre extendido), no ofrece nada más que valor de curiosidad y un asesinato de 'Daft' clásico (DON No se preocupe, su telegrafiado al menos diez minutos antes). Después de un paseo por el bosque, nuestra víctima llega a una pendiente ascendente bastante empinada que obviamente luchan. A mitad de camino, ve una figura en la parte superior vestida de negro y blandiendo una guadaña grande. ¿Qué hacen? Deslice hacia abajo y corre como el resto de nosotros? No, por supuesto, no, luchan contra la cima y se paran cómodamente agradables y erguidas frente al arma del asesinato. Realmente es solo una película como dicen ..",negative,negativo
38,"Okay, so this series kind of takes the route of 'here we go again!' Week in, week out David Morse's character helps out his ride who is in a bit of a pickle - but what's wrong with that!? David Morse is one of the greatest character actors out there, and certainly the coolest, and to have him in a series created by David Koepp - a great writer - is heaven!!Due to the lack of love for this show by many, I can't see it going to a season series - but you never know? The amount of rubbish that has made it beyond that baffles me - let's hope something good can make it past a first series!!!","Bueno, ¡así que esta serie es una especie de camino de 'aquí vamos otra vez!'La semana, la semana, el personaje de David Morse ayuda a salir de su viaje, que está en un poco de pepinillo, pero ¿qué está mal con eso?David Morse es uno de los mejores actores de los personajes por ahí, y ciertamente lo más fresco, y para tenerlo en una serie creado por David Koepp, un gran escritor, ¿es el cielo? Debido a la falta de amor por este espectáculo por muchos, yoNo puedo verlo ir a una serie de temporada, ¡pero nunca lo sabes?La cantidad de basura que lo ha hecho más allá de lo que me desconcierta, ¡esperemos que algo bueno pueda pasar una primera serie!",positive,positivo
39,"After sitting through this pile of dung, my husband and I wondered whether it was actually the product of an experiment to see whether a computer program could produce a movie. It was that listless and formulaic. But the U.S. propaganda thrown in your face throughout the film proves--disappointingly--that it's the work of humans. Call me a conspiracy theorist, but quotes like, ""We have to steal the Declaration of Independence to protect it"" seem like ways to justify actions like the invasion of Iraq, etc. The fact that Nicholas Cage spews lines like, ""I would never use the Declaration of Independence as a bargaining chip"" with a straight face made me and my husband wonder whether the entire cast took Valium before shooting each scene. The ""reasoning"" behind each plot turn and new ""clue"" is truly ridiculous and impossible to follow. And there's also a bonus side plot of misogyny, with Dr. Whatever-Her-Name-Was being chided by all involved for ""never shutting up."" She's clearly in the movie only for looks, but they felt the need to slap a ""Dr."" title on her character to give her some gravity. At one point, Cage's character says, ""Don't you ever shut up?"" and the camera pans to her looking poutily down at her hands, like she's a child. Truly grotesque. The only benefit to this movie was that it's so astonishingly bad, you do get a few laughs out of it. The really scary thing is that a majority of the people watching the movie with us seemed to enjoy it. Creepy....","Después de sentarse a través de esta pila de estiércol, mi esposo y yo nos preguntamos si en realidad era el producto de un experimento para ver si un programa de computadora podría producir una película. Fue apático y fórmulo. Pero la propaganda de los Estados Unidos lanzada en su cara a lo largo de la película demuestra, decepcionantemente, que es la obra de los humanos. Llámame un teórico de la conspiración, pero cita como: ""Tenemos que robar la Declaración de la Independencia para protegerla"" Parece que las formas de justificar las acciones como la invasión de Irak, etc. El hecho de que Nicholas Jage le gustó "", nunca lo haría Use la Declaración de Independencia como un chip de negociación ""con una cara recta me hizo preguntarme a mi esposo si todo el reparto tomó a Valium antes de disparar cada escena. El ""razonamiento"" detrás de cada giro de la parcela y la nueva ""pista"" es verdaderamente ridícula e imposible de seguir. Y también hay una parcela lateral de misoginia, con el Dr. Whinche, su nombre, fue siendo reprendido por todos los involucrados para ""nunca cerrarse"". Ella está claramente en la película solo para las miradas, pero sentían la necesidad de abofetear un ""Dr."" Título sobre su carácter para darle algo de gravedad. En un momento dado, el personaje de CAGE dice: ""¿Nunca te callas?"" Y la cámara se siente a ella mirando a sus manos, como si fuera un niño. Verdaderamente grotesco. El único beneficio para esta película fue que es tan sorprendentemente malo, obtienes algunas risas de ella. La cosa realmente aterradora es que la mayoría de las personas que ven la película con nosotros parecían disfrutarla. Espeluznante....",negative,negativo
40,"It had all the clichés of movies of this type and no substance. The plot went nowhere and at the end of the movie I felt like a sucker for watching it. The production was good; however, the script and acting were B-movie quality. The casting was poor because there were good actors mixed in with crumby actors. The good actors didn't hold their own nor did they lift up the others. This movie is not worthy of more words, but I will say more to meet the minimum requirement of ten lines. James Wood and Cuba Gooding, Jr. play caricatures of themselves in other movies. If you are looking for mindless entertainment, I still wouldn't recommend this movie.","Tenía todos los clichés de las películas de este tipo y ninguna sustancia.La trama no se fue a ninguna parte y al final de la película me sentí como un lechón para observarlo.La producción fue buena;Sin embargo, el guión y la actuación fueron la calidad de la película B.El casting era pobre porque había buenos actores mezclados con los actores de crumby.Los buenos actores no sostuvieron los suyos ni alejaron a los demás.Esta película no es digna de más palabras, pero diré más para satisfacer el requisito mínimo de diez líneas.James Wood y Cuba Goinging, Jr. juegan caricaturas de sí mismas en otras películas.Si está buscando entretenimiento sin sentido, todavía no recomendaría esta película.",negative,negativo
41,"This movie is based on the book, ""A Many Splendored Thing"" by Han Suyin and tackles issues of race relations between Asians and Whites, a topic that comes from Han's personal experiences as an Eurasian growing up in China. That background, and the beautiful Hong Kong settings, gives this love story a unique and rather daring atmosphere for its time.Other than that, the story is a stereotypical romance with a memorable song that is perhaps more remembered than the movie itself. The beautiful Jennifer Jones looks the part and gives a wonderful, Oscar nominated performance as a doctor of mixed breed during the advent of Communism in mainland China. William Holden never looked better playing a romantic lead as a journalist covering war torn regions in the world. The acting is top notch, and the chemistry between the two lovers provides for some genuine moments of silver screen affection sure to melt the hearts of those who are romantically inclined.The cinematography really brings out fifty's Hong Kong, especially the hilltop overlooking the harbor where the two lovers spend their most intimate moments. The ending is a real tear-jerker. Some may consider sentimental romances passé, but, for those who enjoy classic Hollywood love stories, this is a shining example.","Esta película se basa en el libro, ""Una cosa esplendora"" de Han Suyin y aborda los problemas de las relaciones raciales entre los asiáticos y los blancos, un tema que proviene de las experiencias personales de Han como un eurasiático que crece en China. Ese antecedentes, y la hermosa configuración de Hong Kong, le da a esta historia de amor un ambiente único y bastante atrevido por su tiempo. PERMANENTE que eso, la historia es un romance estereotipado con una canción memorable que quizás sea más recordada que la película en sí. La hermosa Jennifer Jones mira la parte y da un maravilloso desempeño nominado al Oscar como médico de raza mixta durante la llegada del comunismo en China continental. William Holden nunca se veía mejor jugando una ventaja romántica como periodista que cubre las regiones rasgadas de la guerra en el mundo. La actuación es de primera categoría, y la química entre los dos amantes proporciona algunos momentos genuinos de afecto de la pantalla de plata, seguro que se derretirá los corazones de los que se inclinan románticamente. La cinematografía realmente aporta a Fifty's Hong Kong, especialmente la cima de la colina con vistas al puerto donde Los dos amantes pasan sus momentos más íntimos. El final es un verdadero lagrimonio. Algunos pueden considerar los romances sentimentales passé, pero, para aquellos que disfrutan de las historias de amor clásicas de Hollywood, este es un ejemplo brillante.",positive,positivo
42,"Of all the films I have seen, this one, The Rage, has got to be one of the worst yet. The direction, LOGIC, continuity, changes in plot-script and dialog made me cry out in pain. ""How could ANYONE come up with something so crappy""? Gary Busey is know for his ""B"" movies, but this is a sure ""W"" movie. (W=waste).Take for example: about two dozen FBI & local law officers surround a trailer house with a jeep wagoneer. Inside the jeep is MA and is ""confused"" as to why all the cops are about. Within seconds a huge gun battle ensues, MA being killed straight off. The cops blast away at the jeep with gary and company blasting away at them. The cops fall like dominoes and the jeep with Gary drives around in circles and are not hit by one single bullet/pellet. MA is killed and gary seems to not to have noticed-damn that guy is tough. Truly a miracle, not since the six-shooter held 300 bullets has there been such a miracle.","De todas las películas que he visto, esta, la rabia, tiene que ser una de las peores más peores.La dirección, la lógica, la continuidad, los cambios en el script de parcela y el diálogo me hicieron gritar de dolor.""¿Cómo podría alguien venir con algo tan crapado""?Gary Busey es conocido por sus películas ""B"", pero esta es una película ""W"" segura.(W = residuos). Trake, por ejemplo: alrededor de dos docenas de oficiales de la ley del FBI y las leyes locales rodean una casa de remolque con un jeep wagoneer.Dentro del Jeep es MA y está ""confundido"" en cuanto a por qué se trata todos los policías.En cuestión de segundos, se produce una enorme batalla de armas, Má siendo matado directamente.Los policías se despliegan en el jeep con Gary y la compañía que los estaban volando.Los policías caen como dominó y el jeep con Gary accionan alrededor de círculos y no son golpeados por una sola bala / pellet.MA está matado y Gary parece no haber notado: Maldita sea, ese tipo es duro.Verdaderamente un milagro, no desde que los seis disparadores celebraron 300 balas, ha habido un milagro.",negative,negativo
43,"I had heard good things about ""States of Grace"" and came in with an open mind. I thought that ""God's Army"" was okay, and I thought that maybe Dutcher had improved and matured as a filmmaker. The film began with some shaky acting, and I thought, ""well, maybe it will get better."" Unfortunately, it never did. The picture starts out by introducing two elders -- Mormon missionaries -- and it seems that the audience will get to know them and grow to care about them. Instead, the story degenerates into a highly improbable series of unfortunate events highlighting blatant disobedience by the missionaries (something that undeniably exists, but rarely on the level that Dutcher portrays) and it becomes almost laughable.Dutcher's only success in this movie is his successful alienation of his target audience. By unrealistically and inaccurately portraying the lives of Mormon missionaries, Dutcher accomplishes nothing more than angering his predominantly Mormon audience. The film in no way reflects reality. Missions are nothing like what Dutcher shows (having served a Mormon mission myself I can attest to this fact) and gang life in California certainly contains much more explicit language than the occasional mild vulgarity.The conclusion, which I'm assuming was supposed to touch the audience and inspire them to believe that forgiveness is available to all, was both unbelievable (c'mon, the entire mission gathers to see this elder sent home -- and the mom and the girl are standing right next to each other!) and cheesy. Next time, Dutcher, try making a movie that SOMEONE can identify with.","Había escuchado cosas buenas sobre ""estados de gracia"" y entró con una mente abierta. Pensé que ""el ejército de Dios"" estaba bien, y pensé que tal vez Dunescler había mejorado y madurado como cineasta. La película comenzó con una actuación temblorosa, y pensé: ""Bueno, tal vez será mejor"". Desafortunadamente, nunca lo hizo. La imagen comienza por introducir dos misioneros de ancianos: misioneros mormones, y parece que la audiencia les conozca y crecerá para preocuparse por ellos. En su lugar, la historia se degenera en una serie altamente improbable de desafortunados eventos que destacan la desobediencia flagrante por parte de los misioneros (algo que existe sin duda, pero rara vez en el nivel que repagua Duthercher) y se vuelve casi risas. El único éxito de putcher en esta película es su exitosa alienación. de su público objetivo. Al retratar de manera irreal e inexactitud la vida de los misioneros mormones, Duthercher no logra nada más que enojar a su audiencia predominantemente mormona. La película de ninguna manera refleja la realidad. Las misiones no son nada como lo que Dutcher Shows (habiendo servido a una mística mormona, yo puedo atestiguar este hecho) y la vida de pandillas en California ciertamente contiene un lenguaje mucho más explícito que la ocasional vulgaridad leve. La conclusión, que estoy asumiendo que debía tocar. La audiencia e inspirarlos a creer que el perdón está disponible para todos, fue increíble (vamos, toda la misión se reúne para ver a este anciano enviado a casa, ¡y la mamá y la niña están de pie justo al lado del otro!) Y caseoso. La próxima vez, Dutcher, intenta hacer una película con la que alguien pueda identificarse.",negative,negativo
44,"This movie struck home for me. Being 29, I remember the '80's and my father working in a factory. I figured, if I worked hard too, if I had pride and never gave up I too could have the American Dream, the house, a few kids, a car all to call my own. I've noted however, without a degree in something (unlike my father that quit at ninth grade) and a keen sense of greed and laziness, you can't get anywhere.I would like to know if anyone has this movie on DVD or VHS. it's made for TV, and I just saw it an hour ago. Ic an't find it anywhere! I'd love to show this to my friends, my pseudo friends, family and other relatives, see what they think and remind them that once upon a time, Americans WOULD work for the sake of feeling honor and that we had pride in what we accomplished!! I think the feeling is still there, but in a heavy downward spiral with so many things being made overseas...","Esta película golpeó a casa por mí.Siendo 29, recuerdo los '80 y mi padre trabajando en una fábrica.También pensé, si hubiera trabajado duro también, si me enorgullecía y nunca me rendí, yo también podría tener el sueño americano, la casa, algunos niños, un automóvil que lo llame.Sin embargo, he notado, sin título en algo (a diferencia de mi padre que renunció en el noveno grado) y un agudo sentido de la codicia y la pereza, no puede obtener a ningún lado. Me gustaría saber si alguien tiene esta película en DVD oVhs.Está hecho para la televisión, y acabo de verlo hace una hora.¡No puedo encontrarlo por ninguna parte!Me encantaría mostrarle esto a mis amigos, mis pseudos amigos, familiares y otros familiares, ven lo que piensan y recuérdales que una vez, los estadounidenses trabajarían por el bien de sentirse honor y que nos enorgullecimos de lo que nosotros¡¡logrado!!Creo que la sensación sigue ahí, pero en una espiral pesada hacia abajo con tantas cosas que se hacen en el extranjero ...",positive,positivo
45,"As a disclaimer, I've seen the movie 5-6 times in the last 15 years, and I only just saw the musical this week. This allowed me to judge the movie without being tainted by what was or wasn't in the musical (however, it tainted me when I watched the musical :) ) I actually believe Michael Douglas worked quite well in that role, along with Kasey. I think her 'Let me dance for you scene' is one of the best parts of the movie, a worthwhile addition compared to the musical. The dancers and singing in the movie are much superior to the musical, as well as the cast which is at least 10 times bigger (easier to do in the movie of course). The decors, lighting, dancing, and singing are also much superior in the movie, which should be expected, and was indeed delivered. The songs that were in common with the musical are better done in the movie, the new ones are quite good ones, and the whole movie just delivers more than the musical in my opinion, especially compared to a musical which has few decors. The one bad point on the movie is the obvious cuts between the actors talking, and dubbed singers during the singing portions for some of the characters, but their dancing is impeccable, and the end product was more enjoyable than the musical","Como descargo de responsabilidad, he visto la película 5-6 veces en los últimos 15 años, y acabo de ver el musical esta semana. Esto me permitió juzgar la película sin ser contaminada por lo que era o no estaba en el musical (sin embargo, me contestó cuando vi a los musicales :)) En realidad, creo que Michael Douglas trabajó bastante bien en ese papel, junto con Kasey. Creo que su 'Déjame bailar por ti escena' es una de las mejores partes de la película, una adición que vale la pena en comparación con el musical. Los bailarines y el canto en la película son mucho más superiores al musical, así como el elenco, que es al menos 10 veces más grande (más fácil de hacer en la película, por supuesto). Las decoraciones, la iluminación, el baile y el canto también son mucho más superiores en la película, que deben esperarse, y de hecho se entregaron. Las canciones que estaban en común con el musical se hacen mejor en la película, los nuevos son bastante buenos, y toda la película simplemente ofrece más que el musical en mi opinión, especialmente en comparación con un musical que tiene pocas decoraciones. El único punto de la película es los cortes obvios entre los actores que hablan, y los cantantes denominados durante las porciones de canto para algunos de los personajes, pero su baile es impecable, y el producto final fue más agradable que el musical.",positive,positivo
46,Protocol is an implausible movie whose only saving grace is that it stars Goldie Hawn along with a good cast of supporting actors. The story revolves around a ditzy cocktail waitress who becomes famous after inadvertently saving the life of an Arab dignitary. The story goes downhill halfway through the movie and Goldie's charm just doesn't save this movie. Unless you are a Goldie Hawn fan don't go out of your way to see this film.,"El protocolo es una película inverosímil cuya única gracia salvadora es que está protagonizada por Goldie Hawn junto con un buen elenco de los actores de apoyo.La historia gira en torno a una camarera de cóctel, que se hace famosa después de salvar inadvertidamente la vida de un dignatario árabe.La historia va cuesta abajo a la mitad de la película y el encanto de Goldie simplemente no guarda esta película.A menos que seas un fanático de Goldie Hawn, no salga de su camino para ver esta película.",negative,negativo
47,"How this film could be classified as Drama, I have no idea. If I were John Voight and Mary Steenburgen, I would be trying to erase this from my CV. It was as historically accurate as Xena and Hercules. Abraham and Moses got melded into Noah. Lot, Abraham's nephew, Lot, turns up thousands of years before he would have been born. Canaanites wandered the earth...really? What were the scriptwriters thinking? Was it just ignorance (""I remember something about Noah and animals, and Lot and Canaanites and all that stuff from Sunday School"") or were they trying to offend the maximum number of people on the planet as possible- from Christians, Jews and Muslims, to historians, archaeologists, geologists, psychologists, linguists ...as a matter of fact, did anyone not get offended? Anyone who had even a modicum of taste would have winced at this one!","Cómo esta película podría clasificarse como drama, no tengo idea.Si yo fuera John Voight y Mary Steenburgen, estaría tratando de borrar esto de mi CV.Fue tan exacto como Xena y Hércules.Abraham y Moisés se fusionaron en Noé.Lote, el sobrino de Abraham, Lot, aparece miles de años antes de que él hubiera nacido.Caneanitas vagaban por la tierra ... ¿De verdad?¿Qué estaban pensando los guionistas?Era solo la ignorancia (""Recuerdo algo sobre Noé y animales, y lot y cananeos y todo ese tema de la escuela dominical"") o estaban tratando de ofender al número máximo de personas en el planeta posible, de cristianos, judíos y musulmanes., a los historiadores, arqueólogos, geólogos, psicólogos, lingüistas ... De hecho, ¿alguien no se ofendió?¡Cualquiera que tuviera un mínimo de gusto habría enamorado de este!",negative,negativo
48,"Preston Sturgis' THE POWER AND THE GLORY was unseen by the public for nearly twenty or thirty years until the late 1990s when it resurfaced and even showed up on television. In the meantime it had gained in notoriety because Pauline Kael's THE CITIZEN KANE BOOK had suggested that the Herman Mankiewicz - Orson Welles screenplay for KANE was based on Sturgis' screenplay here. As is mentioned in the beginning of this thread for the film on the IMDb web site, Kael overstated her case.There are about six narrators who take turns dealing with the life of Charles Foster Kane: the newsreel (representing Ralston - the Henry Luce clone), Thatcher's memoirs, Bernstein, Jed Leland, Susan Alexander Kane, and Raymond the butler. Each has his or her different slant on Kane, reflecting their faith or disappointment or hatred of the man. And of course each also reveals his or her own failings when they are telling their version of Kane's story. This method also leads to frequent overlapping re-tellings of the same incident.This is not the situation in THE POWER AND THE GLORY. Yes, like KANE it is about a legendary business leader - here it is Tom Garner (Spencer Tracy), a man who rose from the bottom to being head of the most successful railroad system in the country. But there are only two narrators - they are Garner's right hand man Henry (Ralph Morgan) and his wife (Sarah Padden). This restricts the nearly three dimensional view we get at times of Kane in Garner. Henry, when he narrates, is talking about his boss and friend, whom he respected and loved. His wife is like the voice of the skeptical public - she sees only the flaws in Henry.Typical example: Although he worked his way up, Tom becomes more and more anti-labor in his later years. Unions are troublemakers, and he does not care to be slowed down by their shenanigans. Henry describes Tom's confrontation with the Union in a major walk-out, and how it preoccupied him to the detriment of his home life. But Henry's wife reminds him how Tom used scabs and violence to end the strike (apparently blowing up the Union's headquarters - killing many people). So we have two views of the man but one is pure white and one is pure black.I'm not really knocking THE POWER AND THE GLORY for not duplicating KANE's success (few films do - including all of Orson Welles' other films), but I am aware that the story is presented well enough to hold one's interest to the end. And thanks to the performances of Tracy and Colleen Moore as his wife Sally, the tragedy of the worldly success of the pair is fully brought home.When they marry, Tom wants to do well (in part) to give his wife and their family the benefits he never had. But in America great business success comes at a cost. Tom gets deeply involved with running the railroad empire (he expands it and improves it constantly). But it takes him away from home too much, and he loses touch with Sally. And he also notices Eve (Helen Vinson), the younger woman who becomes his mistress. When Sally learns of his unfaithful behavior it destroys her.Similarly Tom too gets a full shock (which makes him a martyr in the eyes of Henry). Eve marries Tom, and presents him with a son - but it turns out to be Eve's son by Tom's son Tom Jr. (Philip Trent). The discovery of this incestuous cuckolding causes Tom to shoot himself.The film is not a total success - the action jumps at times unconvincingly. Yet it does make the business seem real (note the scene when Tom tells his Board of Directors about his plans to purchase a small rival train line, and he discusses the use of debentures for financing the plans). Sturgis came from a wealthy background, so he could bring in this type of detail. So on the whole it is a first rate film. No CITIZEN KANE perhaps, but of interest to movie lovers as an attempt at business realism with social commentary in Depression America.","PROSTON STURGIS 'EL PODER Y LA GLORIA ERRIBLES POR EL PÚBLICO POR EL PÚBLICO Durante casi veinte o treinta años hasta finales de la década de 1990, cuando resurgió e incluso se presentó en la televisión. Mientras tanto, se había ganado con notoriedad porque el libro de Kane Citizen Kane, Pauline Kael, había sugerido que el guión Herman Mankiewicz - Orson Welles para Kane se basaba en el guión de Sturgis aquí. Como se menciona al comienzo de este hilo para la película en el sitio web de IMDB, Kael exageró su caso. Hay unos seis narradores que se turnan para tratar la vida de Charles Foster Kane: el periódico (que representa a Ralston, el clon de Henry Luce ), Las memorias de Thatcher, Bernstein, Jed Leland, Susan Alexander Kane, y Raymond el mayordomo. Cada uno tiene su inclinación diferente en Kane, reflejando su fe o decepción o odio al hombre. Y, por supuesto, cada uno también revela sus propios fallos cuando están diciendo su versión de la historia de Kane. Este método también conduce a las frecuentes reevalificaciones superpuestas del mismo incidente. Esta no es la situación en el poder y la gloria. Sí, como Kane, se trata de un líder empresarial legendario, aquí es Tom Garner (Spencer Tracy), un hombre que se levantó de la parte inferior a ser jefe del sistema ferroviario más exitoso del país. Pero solo hay dos narradores, son el hombre de la mano derecha de Garner Henry (Ralph Morgan) y su esposa (Sarah Padden). Esto restringe la visión casi tridimensional que tenemos en momentos de Kane en Garner. Henry, cuando narra, está hablando de su jefe y amigo, a quien respetaba y amaba. Su esposa es como la voz del público escéptico, solo ve las fallas en Henry.Tecalpical Ejemplo: Aunque se abrió camino, Tom se convierte en más y más anti-trabajo en sus últimos años. Los sinormes son problemas, y no le importa ser desacelerado por sus shenanigans. Henry describe la confrontación de Tom con la Unión en un gran saliente, y cómo lo preocupó en detrimento de su vida en casa. Pero la esposa de Henry le recuerda cómo Tom usaba las costras y la violencia para poner fin a la huelga (aparentemente soplando la sede de la Unión, matando a muchas personas). Así que tenemos dos vistas del hombre, pero uno es blanco puro y uno es puro negro. ""Estoy realmente llamando al poder y la gloria por no duplicar el éxito de Kane (Pocas películas, incluidas todas las películas de ORSON WELLES""), Pero soy consciente de que la historia se presenta lo suficientemente bien como para mantener el interés de uno hasta el final. Y gracias a las actuaciones de Tracy y Colleen Moore, como su esposa Sally, la tragedia del éxito mundano de la pareja se lleva completamente a casa. Cuando se casan, Tom quiere hacerlo bien (en parte) para darle a su esposa y su familia. Beneficios que nunca tuvo. Pero en América, el gran éxito empresarial viene a un costo. Tom se involucra profundamente con correr el imperio del ferrocarril (lo expande y lo mejora constantemente). Pero se lo quita demasiado, y él pierde toque con Sally. Y también se da cuenta de Eve (Helen Vinson), la mujer más joven que se convierte en su amante. Cuando Sally se entera de su comportamiento infiel, la destruye. Simplemente Tom también tiene un shock completo (lo que lo convierte en un mártir en los ojos de Henry). Eve se casa con Tom, y le presenta un hijo, pero resulta ser el hijo de Eve por el hijo de Tom Tom Jr. (Philip Trent). El descubrimiento de este cornudo incestuoso hace que Tom se dispara a sí mismo. La película no es un éxito total: la acción salta a veces poco convincente. Sin embargo, hace que el negocio parezca real (tenga en cuenta la escena cuando Tom le dice a su junta directiva sobre sus planes para comprar una pequeña línea de tren rival, y analiza el uso de las obligaciones para financiar los planes). Sturgis vino de un fondo rico, por lo que podría traer este tipo de detalle. Así que en general es una película de primera tarifa. Ningún ciudadano Kane quizás, sino de interés para los amantes de la película como un intento de realismo empresarial con comentarios sociales en la depresión américa.",positive,positivo
49,"Average (and surprisingly tame) Fulci giallo which means it's still quite bad by normal standards, but redeemed by its solid build-up and some nice touches such as a neat time twist on the issues of visions and clairvoyance.The genre's well-known weaknesses are in full gear: banal dialogue, wooden acting, illogical plot points. And the finale goes on much too long, while the denouement proves to be a rather lame or shall I say: limp affair.Fulci's ironic handling of giallo norms is amusing, though. Yellow clues wherever you look.3 out of 10 limping killers","Promedio (y sorprendentemente domesticado) Fulci Giallo, lo que significa que aún es bastante malo por las normas normales, pero redimidas por su sólida acumulación y algunos toques agradables, como un toque de tiempo ordenado en los problemas de las visiones y la clarividencia. Las notas conocidas del género.están en plena marcha: diálogo banal, actuación de madera, puntos de parcela ilógica.Y el final continúa mucho tiempo, mientras que el desenlace demuestra ser un poco cojo o que diré: Aflojamiento de Limp. El manejo irónico de las normas de Gallo es divertido.Pistas amarillas donde quiera que estés mirando.3 de 10 asesinos educados",negative,negativo
50,"Return to the 36th Chamber is one of those classic Kung-Fu movies which Shaw produces back in the 70s and 80s, whose genre is equivalent to the spaghetti westerns of Hollywood, and the protagonist Gordon Liu, the counterpart to the western's Clint Eastwood. Digitally remastered and a new print made for the Fantastic Film Fest, this is ""Presented in Shaw Scope"", just like the good old days.This film is a simple story of good versus evil, told in 3 acts, which more or less sums up the narrative of martial arts films in that era.Act One sets up the premise. Workers in a dye-mill of a small village are unhappy with their lot, having their wages cut by 20% by incoming manchu gangsters. They can't do much about their exploitation because none of them are martial arts skilled to take on the gangsters, and their boss. At first they had a minor success in getting Liu to impersonate a highly skilled Shaolin monk (one of the best comedy sequences), but their rouse got exposed when they pushed the limit of credibility by impersonating one too many times.Act Two shows the protagonist wanting to get back at the mob. However, without real martial arts, he embarks on a journey to Shaolin Temple, to try and infiltrate and learn martial arts on the sly. After some slapstick moments, he finally gets accepted by the abbot (whom he impersonated!) but is disappointed at the teaching methods - kinda like Mr Miyagi's style in Karate Kid, but instead of painting fences, he gets to erect scaffoldings all around the temple. Nothing can keep a good man down, and he unwittingly builds strength, endurance and learns kung-fu the unorthodox way.Act Three is where the fight fest begins. With cheesy sound effects, each obvious non-contact on film is given the maximum impact treatment. But it is rather refreshing watching the fight scenes here, with its wide angled shots to highlight clarity and detail between the sparring partners, and the use of slow-motion only to showcase stunts in different angles. You may find the speed of fights a tad too slow, with some pause in between moves, but with Yuen Wo Ping and his style being used ad-nausem in Hollywood flicks, they sure don't make fight scenes like they used to! Return to the 36th chamber gets a repeat screening on Monday, so, if you're game for a nostalgic trip down memory lane, what are you waiting for?","Volver a la 36ª Cámara es una de esas películas clásicas de Kung-Fu que Shaw produce de nuevo en los años 70 y 80, cuyo género es equivalente a los occidentales de los espaguetis de Hollywood, y el protagonista Gordon Liu, la contraparte del Western's Clint Eastwood. Digitalmente remasterizado y una nueva impresión hecha para el fantástico festival de cine, esto está ""presentado en el alcance de Shaw"", como los buenos viejos tiempos. Esta película es una historia simple de buenas versos, contada en 3 actos, que más o menos sumas Sube la narrativa de las películas de artes marciales en esa época. Uno establece la premisa. Los trabajadores en un molino de tinte de un pequeño pueblo no están contentos con su lote, teniendo su salario reducido en un 20% en los gangsters entrantes de Manchu. No pueden hacer mucho por su explotación porque ninguno de ellos sean expertos en artes marciales para asumir a los pandilleros, y su jefe. Al principio, tenían un éxito menor en la que Liu se hiciera de imponer a un monje de Shaolin altamente calificado (una de las mejores secuencias de comedia), pero su despertamiento se expuso cuando empujaron el límite de credibilidad al hacerse pasar por uno demasiadas veces. Dos muestran el protagonista queriendo volver a la mafia. Sin embargo, sin artes marciales reales, se embarca en un viaje a Shaolin Temple, para intentar infiltrarse y aprender artes marciales en el Sly. Después de algunos momentos de slapstick, finalmente lo acepta el abad (¡a quien se le impedía!) Pero está decepcionado por los métodos de enseñanza: un poco como el estilo del señor Miyagi en Karate Kid, pero en lugar de pintar cercas, él llega a erigir andamios de todo el templo. . Nada puede mantener a un buen hombre hacia abajo, y él inconscientemente construye fuerza, resistencia y aprende kung-fu el camino poco ortodoxo. Tres es donde comienza el festival de lucha. Con efectos de sonido de queso, cada sin contacto obvio en la película se le da el tratamiento máximo de impacto. Pero es bastante refrescante observando las escenas de lucha aquí, con sus inquilinos en ángulo ancho para resaltar la claridad y los detalles entre los socios de combate, y el uso de la cámara lenta solo para mostrar trucos en diferentes ángulos. Puede encontrar la velocidad de combate un poco demasiado lento, con un poco de pausa entre los movimientos, pero con Yuen Wo Ping y su estilo que se usa Ad-Nausem en las películas de Hollywood, ¡seguramente no hacen escenas de lucha como solían! Regreso a la Cámara 36. Obtiene una proyección repetida el lunes, por lo que, si eres un juego para un viaje nostálgico por la memoria del carril, ¿qué estás esperando?",positive,positivo
51,"***SPOILERS*** All too, in real life as well as in the movies, familiar story that happens to many young men who are put in a war zone with a gun, or rifle, in their hands. The case of young and innocent, in never handling or firing a gun, Jimmy Davis, Franchot Tone, has been repeated thousands of times over the centuries when men, like Jimmy Davis, are forced to take up arms for their country.Jimmy who at first wanted to be kicked out of the US Army but was encouraged to stay, by being belted in the mouth, by his good friend Fred P. Willis, Spencer Tracy, ended up on the front lines in France. With Jimmy's unit pinned down by a German machine gun nest he single handedly put it out of commission picking off some half dozen German soldiers from the safety of a nearby church steeple. It was when Jimmy gunned down the last surviving German, who raised his arms in surrender, that an artillery shell hit the steeple seriously wounding him.Recovering from his wounds at an Army hospital Jimmy fell in love with US Army volunteer nurse Rose Duffy, Gladys George. Rose was really in love with Jimmy's good friend the happy go lucky Fred despite his obnoxious antics towards her. It's when Fred was lost during the fighting on the Western Front that Rose, thinking that he was killed, fell in love and later married Jimmy. When Fred unexpectedly showed up in the French town where Jimmy, now fully recovered from his wounds, was stationed at things got very sticky for both him and Rose who had already accepted Jimmy's proposal of marriage to her!With WWI over and Jimmy marrying Rose left Fred, who's still in love with her, a bitter and resentful young man. It was almost by accident that Fred ran into Jimmy on the streets of New York City and discovered to his shock and surprise that he completely changed from the meek and non-violent person that he knew before he was sent to war on the European Western Front. Smug and sure of himself, and his ability to shoot a gun, Jimmy had become a top mobster in New York City's underworld! Not only that but as Fred later found out his wife Rose had no idea what Jimmy was really involved in with Jimmy telling her that he works as a law abiding and inoffensive insurance adjuster.Jimmy's life of crime came full circle when Rose, after she found out about his secret life, ratted him out to the police to prevent him from executing a ""Valentine Day"" like massacre, with his gang members dressed as cops, of his rival mobsters. While on trial Jimmy came to his senses and admitted his guilt willing to face the music and then, after his three year sentence is up, get his life back together. ***SPOILER ALERT*** Hearing rumors from fellow convicts that Rose and his best friend Fred were having an affair behind his back Jimmy broke out of prison ending up a fugitive from the law. It's at Fred's circus, where he works as both manger and barker, that Jimmy in seeing that Rose as well as Fred were true to him that he, like at his trial, had a sudden change of heart. But the thought of going back to prison, with at least another ten years added on to his sentence, was just too much for Jimmy! It was then that Jimmy decided to end it all by letting the police who by then tracked him down do the job, that he himself didn't have the heart to do, for him!","*** Spoilers *** también, en la vida real, así como en las películas, historia familiar que le sucede a muchos hombres jóvenes que se ponen en una zona de guerra con una pistola, o rifle, en sus manos. El caso de los jóvenes e inocentes, en nunca manejar o disparar una pistola, Jimmy Davis, tono de franquóis, se ha repetido miles de veces a lo largo de los siglos cuando los hombres, como Jimmy Davis, se ven obligados a tomar las armas para su país. Jimmy que en Primero quería ser expulsado del ejército de los Estados Unidos, pero se lo alentó a quedarse, al ser ceñido en la boca, por su buen amigo Fred P. Willis, Spencer Tracy, terminó en las líneas del frente en Francia. Con la unidad de Jimmy, fijada por un nido de ametrallador alemán, lo puso sin importar a la comisión, recogiendo algo de media docena de soldados alemanes de la seguridad de un campanario de la iglesia cercana. Fue cuando Jimmy se disparó por el último alemán sobreviviente, que levantó los brazos en la rendición, que un shell de artillería golpeó al campanario heriendo seriamente lo herido. Desreclando de sus heridas en un hospital del ejército, Jimmy se enamoró de la enfermera voluntaria del ejército estadounidense, la enfermera Rose Duffy, Gladys Jorge. Rose estaba realmente enamorada de la buena amiga de Jimmy, la feliz, ir a la suerte de Fred a pesar de sus antiónes desagradables hacia ella. Es cuando Fred se perdió durante la lucha en el frente occidental que se levantó, pensando que fue asesinado, se enamoró y luego se casó con Jimmy. Cuando Fred se apareció inesperadamente en la ciudad francesa, donde Jimmy, ahora se recuperó completamente de sus heridas, estaba estacionado en las cosas que se pusieron muy pegajosos para él y se levantó que ya había aceptado la propuesta de matrimonio de Jimmy con ella. Con WWI sobre y Jimmy Casilling Rose se fue Fred, que todavía está enamorada de ella, un joven amargo y resentido. Fue casi por accidente que Fred se encontró con Jimmy en las calles de la ciudad de Nueva York y descubrió su sorpresa y sorprendió que cambió por completo de la persona manso y no violenta que él sabía antes de que fuera enviado a la guerra en el frente occidental europeo . ¡Sleg y seguro de sí mismo, y su capacidad para disparar un arma, Jimmy se había convertido en un mejor mafioso en el inframundo de la ciudad de Nueva York! No solo eso, sino a Fred, más tarde descubrió que su esposa Rose no tenía idea de lo que Jimmy estaba realmente involucrado con Jimmy, diciéndole que trabaja como un regalo de seguridad y un ajustador de seguros inofensivos. La vida del crimen de Jimmy llegó un círculo completo cuando se levantó. Sobre su vida secreta, lo viñó a la policía para evitar que ejecutara un ""Día de San Valentín"" como la masacre, con sus pandilleros vestidos como policías, de sus mafiosos rivales. Mientras que en el juicio, Jimmy llegó a sus sentidos y admitió que su culpa estaba dispuesta a enfrentar la música y luego, después de que se acabe su sentencia de tres años, vuelva a juntar su vida. *** Alerta de Spoiler *** Audiencias de rumores de compañeros convictos que Rose y su mejor amigo Fred estaban teniendo un romance detrás de su espalda Jimmy que se desató de la cárcel que terminó con un fugitivo de la ley. Está en el circo de Fred, donde trabaja tanto como Pander y Barker, que Jimmy al ver que Rose y Fred fueron fieles a él que él, como en su juicio, tenía un cambio repentino de corazón. Pero la idea de volver a la cárcel, con al menos otros diez años agregados a su sentencia, fue demasiado para Jimmy! Fue entonces cuando Jimmy decidió terminar todo dejando que la policía que luego lo seguía, lo hacía el trabajo, que él mismo no tenía el corazón que hacer, ¡para él!",positive,positivo
52,"Bela Lugosi appeared in several of these low budget chillers for Monogram Studios in the 1940's and The Corpse Vanishes is one of the better ones.Bela plays a mad scientist who kidnaps young brides and kills them and then extracts fluid from their bodies so he can keep his ageing wife looking young. After a reporter and a doctor stay the night at his home and discover he is responsible for the brides' deaths, the following morning they report these murders to the police and the mad scientist is shot and drops dead shortly afterwards.You have got almost everything in this movie: the scientist's assistants consist of an old hag, a hunchback and dwarf (her sons), a thunderstorm and spooky passages in Bela's house. Bela and his wife find they sleep better in coffins rather than beds in the movie.The Corpse Vanishes is worth a look, especially for Bela Lugosi fans. Great fun.Rating: 3 stars out of 5.","Bela Lugosi apareció en varias de estas enfriadoras de bajo presupuesto para los estudios de monogramas en la década de 1940 y el cadáver se desvanece es uno de los mejores. Bebla juega a un científico loco que secuestra a las jóvenes novias y los mata y luego extrae líquido de sus cuerpos para que pueda mantenerSu esposa envejecida parecía joven.Después de que un reportero y un médico se mantengan la noche en su casa y descubren que es responsable de las muertes de las novias, a la mañana siguiente informan que estos asesinatos a la policía y el científico loco se dispara y cae muertos poco después. Tienes casi todo.En esta película: los asistentes del científico consisten en una vieja bruja, un jorobado y enano (sus hijos), un trueno y pasajes espeluznantes en la casa de Bela.Bela y su esposa encuentran que duermen mejor en ataúdes en lugar de camas en la película. El cadáver se desvanece vale la pena, especialmente para los fanáticos de Bela Lugosi.Gran diversión. Rating: 3 estrellas de 5.",positive,positivo
53,"I cannot believe I enjoyed this as much as I did. The anthology stories were better than par, but the linking story and its surprise ending hooked me. Alot of familiar faces will keep you asking yourself ""where I have I seen them before?"" Forget the running time listed on New Line's tape, this ain't no 103 minutes, according to my VCR timer and IMDB. Space Maggot douses the campfire in his own special way and hikes this an 8.","No puedo creer que disfruté tanto como yo.Las historias de la antología eran mejores que par, pero la historia de enlace y su terminación sorpresa me engancharon.Muchas caras familiares te mantendrán preguntándote ""¿Dónde los he visto antes?""Olvídese del tiempo de funcionamiento que figura en la cinta de la nueva línea, esto no es de 103 minutos, según mi temporizador de VCR e IMDb.Espacio Maggot apaga la fogata a su manera especial y caminata por este 8.",positive,positivo
54,"The 33 percent of the nations nitwits that still support W. Bush would do well to see this movie, which shows the aftermath of the French revolution and the terror of 1794 as strikingly similar to the post 9/11 socio-political landscape. Maybe then they could stop worrying about saving face and take the a**-whupping they deserve. It's really a shame that when a politician ruins the country, those who voted for him can't be denied the right to ever vote again. They've clearly shown they have no sense of character.What really stands out in this movie is the ambiguity of a character as hopelessly doctrinaire as Robespierre; a haunted empty man who simplistic reductive ideology can't help him elucidate the boundaries between safety and totalitarianism. Execution and murder. Self-defense and patriotism. His legalistic litmus tests aggravate the hopeless situation he's helped create. Sound like any belligerent, overprivileged, retarded Yale cheerleaders you know of? Wojciech Pszoniak blows the slovenly Deparidieu off the screen. As sympathetic as Robespierres plight is, it's comforting to know that shortly after the film ends he'll have his jaw shot off and be sent to the guillotine.","El 33 por ciento de los nitwits de las naciones que aún apoyan W. Bush haría bien en ver esta película, que muestra las consecuencias de la Revolución Francesa y el terror de 1794, tan sorprendentemente similar al panorama socio-político posterior al 9/11. Tal vez podrían dejar de preocuparse por salvar la cara y tomar el A ** - Whupping que merecen. Es realmente una pena que cuando un político arruine el país, aquellos que lo votaron por él no se les puede negar el derecho de volver a votar. Claramente, han demostrado que no tienen sentido de carácter. Lo que realmente se destaca en esta película es la ambigüedad de un personaje como Doctrinaire irremediablemente como Robespierre; Un hombre vacío encantado que la ideología reductiva simplista no puede ayudarlo a dilucidar los límites entre la seguridad y el totalitarismo. Ejecución y asesinato. Autodefensa y patriotismo. Sus pruebas legalistas de litmus agravan la situación desesperada que ha ayudado a crear. ¿Suena como cualquier animadora beligerante, sobrevivilegulada y retrasada que conoces? Wojciech Pszoniak sopla los despedidos de la pantalla de Eslovenamente deparidieu. Tan simpáticos como es la difícil situación de Robespierres, es reconfortante saber que poco después de que termine la película, tendrá su mandíbula disparada y enviada a la guillotina.",negative,negativo
55,"As someone has already mentioned on this board, it's very difficult to make a fake documentary. It requires tremendous skill, pacing, patience, directorial 'distance,' a plausible premise, a narrative 'flow,' and REALLY believable acting (aka GREAT acting). Such is not the case with 'Love Machine'. It starts to show its faux hand about the 20-minute mark (with 60 minutes left to watch), and the viewer starts to realize that he or she is being taken in. It's downhill from there.Director Gordon Eriksen simply peaked too soon. But to be fair to Eriksen, his problems started early: as he explains in the extras, he began wanting to do a REAL doc, couldn't get funding, and settled for a cheaper way of making his film.The premise -- people who have secret lives by posting themselves on a porn website -- was perhaps more interesting in 1997-98, when the film was made. Eriksen does a lot of tricky stuff -- a pushy 'host,' hand-held cameras, zooms, grainy blacks and whites -- all, I guess, to elicit a sense of authenticity, but it just doesn't work. The film is confusing and forced, but what ultimately brings it down is the believability of the actors and the pretty awful dialogue.","Como alguien ya ha mencionado en este consejo, es muy difícil hacer un documental falso. Requiere una tremenda habilidad, ritmo, paciencia, dirección ""a distancia"", una premisa plausible, un flujo ""narrativo"", y realmente creíble actuando (también conocido como gran actuación). Tal no es el caso con 'Máquina de amor'. Comienza a mostrar su Mano Faux sobre la marca de 20 minutos (con 60 minutos que quedan para ver), y el espectador comienza a darse cuenta de que está siendo tomado. Está cuesta abajo desde allí. Elirector Gordon Eriksen simplemente alcanzó su punto máximo muy pronto. Pero para ser justos a Eriksen, sus problemas comenzaron temprano: como él explica en los extras, comenzó a querer hacer un documento real, no podía obtener fondos, y se estableció para una manera más económica de hacer su película. La premisa - Gente Los que tienen vidas secretas al publicarse en un sitio web porno, quizás fue más interesante en 1997-98, cuando se hizo la película. Eriksen hace muchas cosas difíciles: una ""anfitriona"" agresiva, ""cámaras de mano, zoom, los negros y los blancos granulados, todos, supongo, para obtener un sentido de autenticidad, pero simplemente no funciona. La película es confusa y forzada, pero lo que finalmente lo trae es la creibilidad de los actores y el diálogo bastante terrible.",negative,negativo
56,"The Hills Have Eyes II is what you would expect it to be and nothing more. Of course it's not going to be an Oscar nominated film, it's just pure entertainment which you can just lose yourself in for 90 minutes.The plot is basically about a group of National Guard trainees who find themselves battling against the notorious mutated hillbillies on their last day of training in the desert. It's just them fighting back throughout the whole film, which includes a lot of violence (which is basically the whole film) as blood and guts are constantly flying around throughout the whole thing, and also yet another graphic rape scene which is pointlessly thrown in to shock the audience.I'd give the Hills Have Eyes II 4 out of 10 for pure entertainment, and that only. Although even then I found myself looking at my watch more and more as the film went on, as it began to drag due to the fact it continued to try and shock the audience with graphic gore and the occasional jump scene just to make sure the audience stays awake. The Hills Have Eyes II is just decent entertainment, something to pass time if you're bored, and nothing else.4/10","Las colinas tienen ojos II es lo que usted esperaría que sea y nada más. Por supuesto, no va a ser una película nominada a Oscar, es solo entretenimiento puro que puede perderse durante 90 minutos. La parcela es básicamente sobre un grupo de alumnos de la Guardia Nacional que se encuentran luchando contra los notorios mentiras en los Hillbillies en su último Día de entrenamiento en el desierto. Es solo que luchan por toda la película, que incluye mucha violencia (que es básicamente toda la película), ya que la sangre y las agallas están entrando constantemente durante todo el asunto, y también otra escena de violación gráfica que está inutialmente arrojada a Shock the audiencia. Le daría a las colinas los ojos II 4 de 10 para el entretenimiento puro, y eso solo. Aunque incluso me encontré mirando cada vez más a mi reloj y más a medida que la película continuó, ya que comenzó a arrastrarse debido al hecho de que continuó intentando y sorprender a la audiencia con Gore Gore y la escena de salto ocasional para asegurarte de la audiencia. permanece despierto. Las colinas tienen ojos II es solo entretenimiento decente, algo para pasar el tiempo si estás aburrido, y nada más.4 / 10",negative,negativo
57,"I laughed all the way through this rotten movie. It's so unbelievable. A woman leaves her husband after many years of marriage, has a breakdown in front of a real estate office. What happens? The office manager comes outside and offers her a job!!! Hilarious! Next thing you know the two women are going at it. Yep, they're lesbians! Nothing rings true in this ""Lifetime for Women with nothing better to do"" movie. Clunky dialogue like ""I don't want to spend the rest of my life feeling like I had a chance to be happy and didn't take it"" doesn't help. There's a wealthy, distant mother who disapproves of her daughter's new relationship. A sassy black maid - unbelievable that in the year 2003, a film gets made in which there's a sassy black maid. Hattie McDaniel must be turning in her grave. The woman has a husband who freaks out and wants custody of the snotty teenage kids. Sheesh! No cliche is left unturned.","Me reí por todo el camino a través de esta película podrida.Es tan increíble.Una mujer deja a su esposo después de muchos años de matrimonio, tiene un desglose frente a una oficina de bienes raíces.¿Lo que sucede?El gerente de la oficina sale afuera y le ofrece un trabajo !!!¡Divertidísimo!Lo siguiente que sabes que las dos mujeres lo van.Sí, son lesbianas!Nada suena verdadera en esta ""vida para mujeres con nada mejor que hacer"" la película.Diálogo clortunizado como ""No quiero pasar el resto de mi vida sintiendo que tuve la oportunidad de ser feliz y no lo tomé"".Hay una madre rica y lejana que desaprueba la nueva relación de su hija.Una mucama negra descarada: increíble que en el año 2003, se hace una película en la que hay una criada negra de Sassy.Hattie McDaniel debe estar girando en su tumba.La mujer tiene un marido que se asusta y quiere la custodia de los niños adolescentes mocosos.¡Sheesh!No se queda ningún cliché.",negative,negativo
58,"NO SPOILERS!!After Hitchcock's successful first American film, Rebecca based upon Daphne DuMarier's lush novel of gothic romance and intrigue, he returned to some of the more familiar themes of his early British period - mistaken identity and espionage. As the U.S. settled into World War II and the large scale 'war effort' of civilians building planes, weaponry and other necessary militia, the booming film entertainment business began turning out paranoid and often jingoistic thrillers with war time themes. These thrillers often involved networks of deceptive and skilled operators at work in the shadows among the good, law abiding citizens. Knowing the director was at home in this espionage genre, producer Jack Skirball approached Hitchcock about directing a property he owned that dealt with corruption, war-time sabotage and a helpless hero thrust into a vortex of coincidence and mistaken identity. The darker elements of the narrative and the sharp wit of literary maven Dorothy Parker (during her brief stint in Hollywood before returning to her bohemian roots in NYC) who co-authored the script were a perfect match for Hitchcock's sensibilities.This often neglected film tells the story of the unfortunate 25 year old Barry Kane (Robert Cummings) who, while at work at a Los Angeles Airplane Factory, meets new employee Frank Frye (Norman Lloydd) and moments later is framed for committing sabotage. Fleeing the authorities who don't believe his far-fetched story he meets several characters on his way to Soda City Utah and finally New York City. These memorable characters include a circus caravan with a car full of helpful 'freaks' and a popular billboard model Patricia Martin (Priscilla Lane) who, during the worst crisis of his life as well as national security, he falls madly in love with! Of course in the land of Hitchcock, Patricia, kidnapped by the supposed saboteur Barry, falls for her captor thus adding romantic tension to the mix.In good form for this outing, Hitchcock brews a national network of demure old ladies, average Joes, and respectable businessmen who double as secret agent terrorists that harbor criminals, pull guns and detonate bombs to keep things moving. It's a terrific plot that takes its time moving forward and once ignited, culminates in one of Hitchcock's more memorable finales. Look for incredibly life like NYC tourist attractions (all of which were recreated by art directors in Hollywood due to the war-time 'shooting ban' on public attractions). While Saboteur may not be one of Hitchcock's most well known films, it's a popular b-movie that is certainly solid and engaging with plenty of clever plot twists and as usual - terrific Hitchcock villains. Remember to look for Hitchcock's cameo appearance outside a drug store in the second half of the film. Hitchcock's original cameo idea that was shot (him fighting in sign language with his 'deaf' wife) was axed by the Bureau of Standards and Practices who were afraid of offending the deaf!","¡No hay spoilers! ¡Después de la exitosa película estadounidense de Hitchcock, Rebecca, basada en la exuberante novela de Daphne Dumarier del romance gótico e intriga, regresó a algunos de los temas más familiares de su período británico temprano: la identidad y el espionaje confundidos. A medida que los Estados Unidos se establecieron en la Segunda Guerra Mundial y el ""esfuerzo de guerra"" a gran escala de los aviones de construcción de civiles, armamento y otras milicias necesarias, el negocio de entretenimiento cinematográfico comenzó a resultar paranoicos y, a menudo, los thrillers jingoísticos con temas de guerra. Estos thrillers a menudo involucraban redes de operadores engañosos y calificados en el trabajo en las sombras entre los ciudadanos que respetan el bien legal. Conocer al director estaba en casa en este género de espionaje, el productor Jack Skirball se acercó a Hitchcock acerca de dirigir una propiedad que poseía que se ocupaba de la corrupción, el sabotaje de la guerra y un héroe indefenso empujado a un vórtice de coincidencia y una identidad errónea. Los elementos más oscuros de la narrativa y el agudo ingenio de Maven Dorothy Parker literario (durante su breve estadía en Hollywood antes de regresar a sus raíces bohemias en Nueva York) que co-autoraron al guión eran una combinación perfecta para las sensibilidades de Hitchcock. Esta película a menudo descuidada cuenta La historia de los desafortunados 25 años de edad, Barry Kane (Robert Cummings), que, a la vez, en el trabajo en una fábrica de aviones de Los Ángeles, se encuentra con el nuevo empleado Frank Frye (Norman LloyDD) y los momentos más tarde se enmarca para cometer sabotaje. Huyendo de las autoridades que no creen su historia lejana que conoce a varios personajes en su camino hacia la ciudad de Soda Utah y finalmente la ciudad de Nueva York. Estos memorables personajes incluyen una caravana de circo con un automóvil lleno de ""Freaks"" y un modelo popular de la cartelera Patricia Martin (Priscilla Lane) ¿Quién, durante la peor crisis de su vida, así como la seguridad nacional, se enamore con locura? Por supuesto, en la tierra de Hitchcock, Patricia, secuestrada por el supuesto Saboteur Barry, cae por su captor, además de agregar tensión romántica a la mezcla. En buena forma para esta excursión, Hitchcock Brews una red nacional de damas antiguas demure, Joes promedio y Hombres de negocios respetables que se duplican como terroristas del agente secreto que albergan a los criminales, tiran de armas y detonan bombas para evitar que las cosas se muevan. Es una parcela excelente que lleva su tiempo avanzando y, una vez encendido, culmina en uno de los últimos finales más memorables de Hitchcock. Busque una vida increíblemente como las atracciones turísticas de la Ciudad de Nueva York (todos los cuales fueron recreados por los directores de arte en Hollywood debido a la ""prohibición de tiro"" de la guerra en las atracciones públicas). Si bien Saboteur puede no ser una de las películas más conocidas de Hitchcock, es una película B Popular que es ciertamente sólida y atractiva con un montón de giros de parcela inteligentes y, como de costumbre, los terribles villanos de Hitchcock. Recuerde buscar la apariencia de camafeo de Hitchcock fuera de una farmacia en la segunda mitad de la película. La idea original del camafeo de Hitchcock que se disparó (él luchando en el lenguaje de señas con su esposa 'sorda') fue impedida por la Oficina de Estándares y Prácticas que temían ofender a los sordos.",positive,positivo
59,"I just watched The Dresser this evening, having only seen it once before, about a dozen years ago.It's not a ""big"" movie, and doesn't try to make a big splash, but my God, the brilliance of the two leads leaves me just about speechless. Albert Finney and Tom Courtenay are nothing less than amazing in this movie.The Dresser is the story of Sir, an aging Shakespearean actor (Finney), and his dresser Norman (Courtenay), sort of a valet, putting on a production of King Lear during the blitz of London in World War II. These are two men, each dependent upon the other: Sir is almost helpless without the aid of Norman to cajole, wheedle, and bully him into getting onstage for his 227th performance of Lear. And Norman lives his life vicariously through Sir; without Sir to need him, he is nothing, or thinks he is, anyway.This is a character-driven film; the plot is secondary to the interaction of the characters, and as such, it requires actors of the highest caliber to bring it to life. Finney, only 47 years old, is completely believable as a very old, very sick, petulant, bullying, but brilliant stage actor. He hisses and fumes at his fellow actors even when they're taking their bows! And Courtenay is no less convincing as the mincing dresser, who must sometimes act more as a mother than as a valet to his elderly employer. Employer is really the wrong term to use, though. For although, technically their relationship is that of employer and employee, most of the time Sir and Norman act like nothing so much as an old married couple.Yes, there are others in the cast of this movie, but there is no question that the true stars are Finney, Courtenay, and the marvelous script by Ronald Harwood. That is not to say that there aren't other fine performances, most notably Eileen Atkins as the long-suffering stage manager Madge. There is a wonderful scene where Sir and Madge talk about old desires, old regrets, and what might have been.Although it doesn't get talked about these days, it is worth remembering that The Dresser was nominated for five Academy Awards: Best Actor nominations for both Finney and Courtenay, Best Picture, Best Director (Peter Yates), and Best Adapted Screenplay.I had remembered this as being a good movie, but I wasn't prepared to be as completely mesmerized as I was from beginning to end. If you want to see an example of what great acting is all about, and be hugely entertained all the while, then I encourage you to see The Dresser.","Acabo de ver a la cómoda esta noche, solo lo había visto una vez antes, hace una docena de años. No es una película ""grande"", y no intenta hacer un gran salpicaduras, sino a mi Dios, el brillo de los dos cables. me deja casi sin palabras. Albert Finney y Tom Courtenay no son menos que increíbles en esta película. La cómoda es la historia del señor, un envejecimiento del actor de Shakespeare (Finney), y su cómoda Norman (Courtenay), una especie de valet, que ponen una producción de King Lear Durante el Blitz de Londres en la Segunda Guerra Mundial. Estos son dos hombres, cada uno de cada uno dependiente de la otra: Señor es casi indefenso sin la ayuda de Norman a Cajole, Wheedle, y lo acosará y lo intimidan en el escenario por su 227 desempeño de Lear. Y Norman vive su vida indirectamente a través de SIR; Sin señor para necesitarlo, él no es nada, o piensa que es, de todos modos. Esto es una película impulsada por personajes; La parcela es secundaria a la interacción de los personajes, y como tal, requiere actores del más alto calibre para llevarlo a la vida. Finney, solo de 47 años, es completamente creíble como muy antiguo, muy enfermo, petulante, acoso escolar, pero brillante actor de escenario. ¡Él silbea y humea a sus compañeros actores incluso cuando se llevan sus arcos! Y Courtenay no es menos convincente como la cómoda de la pinción, que a veces debe actuar más como una madre que como un valet a su anciano empleador. Sin embargo, el empleador es realmente el término incorrecto para usar. Porque, aunque, técnicamente, su relación es la del empleador y el empleado, la mayor parte del tiempo, Sir y Norman actúan como nada como una pareja casada antigua. Sí, hay otros en el elenco de esta película, pero no hay duda de que el Las verdaderas estrellas son Finney, Courtenay y el maravilloso guión por Ronald Harwood. Eso no quiere decir que no haya otras actuaciones finas, especialmente Eileen Atkins como el gerente de la etapa de larga duración. Hay una maravillosa escena donde Sir y Madge hablan de viejos deseos, viejos lamentos, y lo que podría haber sido. Aunque no se habla de estos días, vale la pena recordar que la cómoda fue nominada para cinco premios de academia: el mejor actor Nominaciones para Finney y Courtenay, la mejor imagen, el mejor director (Peter Yates) y el mejor guión adaptado. Había recordado que esto era una buena película, pero no estaba preparado para ser tan fascinada, ya que estaba de principio a fin. . Si quieres ver un ejemplo de lo que se trata mucho de la actuación, y ser muy entretenido durante todo el tiempo, entonces te animo a ver a la cómoda.",positive,positivo
60,"What happened? What we have here is basically a solid and plausible premise and with a decent and talented cast, but somewhere the movie loses it. Actually, it never really got going. There was a little excitement when we find out that Angie is not really pregnant, then find out that she is after all, but that was it. Steve Martin, who is a very talented person and usually brings a lot to a movie, was dreadful and his entire character was not even close to being important to this movie, other than to make it longer. I really would have liked to see more interactions between the main characters, Kate and Angie, and maybe try not for a pure comedy, which unfortunately it was not, but maybe a drama with comedic elements. I think if the movie did this it could have been very funny since both actresses are quite funny in their own ways and sitting here I can think of numerous scenarios that would have been a riot.","¿Qué sucedió?Lo que tenemos aquí es básicamente una premisa sólida y plausible y con un reparto decente y talentoso, pero en algún lugar la película la pierde.En realidad, nunca se puso en marcha.Hubo un poco de emoción cuando descubrimos que Angie no está realmente embarazada, luego descubra que, después de todo, pero eso fue.Steve Martin, que es una persona muy talentosa y generalmente trae mucho a una película, era terrible y todo su personaje ni siquiera estaba cerca de ser importante para esta película, aparte de hacerlo más.Realmente me hubiera gustado ver más interacciones entre los personajes principales, Kate y Angie, y tal vez intentar no para una comedia pura, que, desafortunadamente, no fue, pero tal vez un drama con elementos comedicos.Creo que si la película hizo esto, podría haber sido muy divertido, ya que ambas actrices son bastante divertidas a sus propias maneras y sentados aquí, puedo pensar en numerosos escenarios que habrían sido un motín.",negative,negativo
61,"I've just watched Fingersmith, and I'm stunned to see the 8/10 average rating for the show.Not only was the plot was difficult to follow, but it seems character development was randomly applied.The actors were adequate, but in the process of attempting to create twists and turns, their characters are rendered entirely one dimensional. Once this happens, the story really falls flat and becomes tedious.And just in case anyone didn't see the predictable lesbian undertones from miles way, this is hammered home in the most banal terms at the end of the film.The end scene is disappointing and phoned in, and anyone who sat back and went ""Ohhh, so they were carpet munchers all along!"", must have been out for the evening.Two stars for the tonsil hockey in the earlier scene which was at least a bit raunchy, none for the rest of it...","Acabo de ver de Fingersmith, y estoy aturdido a ver la calificación promedio de 8/10 para el show. No solo la trama era difícil de seguir, pero parece que el desarrollo de personajes fue aplicado al azar. Los actores eran adecuados, pero enEl proceso de intentar crear giros y giros, sus personajes se vuelven totalmente dimensionales.Una vez que esto sucede, la historia realmente cae plana y se vuelve tediosa. Y en caso de que alguien no vea a los conocimientos lesbianos predecibles de Miles Way, esta es una casa martillada en los términos más banales al final de la película. La escena final esDecepcionante y llamado, y cualquiera que se siente y se fue ""Ohhh, ¡así que eran munciantes de alfombras todo el tiempo!"", Debe haber estado fuera por la noche. Two Stars para el hockey de amígdalas en la escena anterior, que fue al menos un poco rugosa.Ninguno para el resto ...",negative,negativo
62,"So let's begin!)))The movie itself is as original as Cronenberg's movies would usually appear...My intention to see it was certainly JJL being one of my favourite actresses. She is as lovely as usual, this cutie!I would not say it was my favourite movie of hers. Still it's quite interesting and entertaining to follow. The rest of the cast is not extremely impressive but it is not some kind of a miscast star array. ;)Recommend with confidence!))))","Así que vamos a empezar!))) La película en sí es tan original como las películas de Cronenberg generalmente aparecerían ... Mi intención de verlo fue ciertamente que JJL era una de mis actrices favoritas.¡Ella es tan hermosa como de costumbre, este cutie! No diría que era mi película favorita de ella.Aún así es bastante interesante y entretenido a seguir.El resto del reparto no es extremadamente impresionante, pero no es una especie de matriz de estrellas Miscast.;) ¡Recomienda con confianza!)))))",positive,positivo
63,"Besides being boring, the scenes were oppressive and dark. The movie tried to portray some kind of moral, but fell flat with its message. What were the redeeming qualities?? On top of that, I don't think it could make librarians look any more unglamorous than it did.","Además de ser aburrido, las escenas eran opresivas y oscuras.La película trató de retratar algún tipo de moral, pero cayó plana con su mensaje.¿Cuáles fueron las cualidades redentoras?Además de eso, no creo que pueda hacer que los bibliotecarios se vean más poco libres que lo que lo hizo.",negative,negativo
64,"An unmarried woman named Stella (Bette Midler) gets pregnant by a wealthy man (Stephen Collins). He offers to marry her out of a sense of obligation but she turns him down flat and decides to raise the kid on her own. Things go OK until the child named Jenny (Trini Alvarado) becomes a teenager and things gradually (and predictably) become worse.I've seen both the silent version and sound version of ""Stella Dallas"". Neither one affected me much (and I cry easily) but they were well-made if dated. Trying to remake this in 1990 was just a stupid idea. I guess Midler had enough power after the incomprehensible success of ""Beaches"" to get this made. This (predictably) bombed. The story is laughable and dated by today's standards. Even though Midler and Alvarado give good performances this film really drags and I was bored silly by the end. Stephen Collins and Marsha Mason (both good actors) don't help in supporting roles. Flimsy and dull. Really--who thought this would work? See the 1937 Stanwyck version instead. I give this a 1.","Una mujer soltera llamada Stella (Bette Midler) está embarazada por un hombre rico (Stephen Collins). Ofrece a casarse con ella sin sentido de obligación, pero ella lo rechaza y decide criar al niño por su cuenta. Las cosas van bien hasta que el niño llamado Jenny (Trini Alvarado) se convierta en un adolescente y las cosas gradualmente (y predeciblemente) se vuelven peores. He visto la versión silenciosa y la versión de sonido de ""Stella Dallas"". Ninguno de los dos me afectó mucho (y lloro fácilmente), pero estaban bien hechos si está fechada. Tratar de rehacer esto en 1990 fue solo una idea estúpida. Supongo que Midler tenía suficiente poder después del éxito incomprensible de las ""playas"" para hacer esto. Esto (predeciblemente) bombardeó. La historia es risa y fechada por los estándares de hoy. A pesar de que Midler y Alvarado dan buenas actuaciones, esta película realmente arrastra y me aburrí tontamente al final. Stephen Collins y Marsha Mason (ambos actores buenos) no ayudan a apoyar los roles. Fundido y aburrido. Realmente, ¿quién pensó que esto funcionaría? Vea la versión de Stanwyck de 1937 en su lugar. Le doy esto un 1.",negative,negativo
65,"DON'T TORTURE A DUCKLING is one of Fulci's earlier (and honestly, in terms of story-line, better...) films - and although not the typical ""bloodbath"" that Fulci is known for - this is still a very unique and enjoyable film.The story surrounds a small town where a series of child murders are occurring. Some of the colorful characters involved in the investigations - either as suspects, or those ""helping"" the investigation (or in some cases both) - include the towns police force, a small-time reporter, a beautiful and rich ex-drug addict, a young priest and his mother, An old man who practices witchcraft and his female protégé, a mentally handicapped townsman, and a deaf/mute little girl. All of these people are interwoven into the plot to create several twists and turns, until the actual killer is revealed...DON'T TORTURE A DUCKLING is neither a ""classical"" giallo or a typical Fulci gore film. Although it does contain elements of both - it is more of an old-fashioned murder mystery, with darker subject matter and a few scenes of graphic violence (although nothing nearly as strong as some of Fulci's later works). This is a well written film with lots of twists that kept me guessing up until the end. Recommended for giallo/murder-mystery fans, or anyone looking to check out some of Fulci's non-splatter films - but don't despair, DON'T TORTURE still has more than it's fair share of violence and sleaze. Some may be put off by the subject of the child killings, and one main female character has a strange habit of hitting on very young boys, which is also kind of disconcerting - but if that type of material doesn't bother you, then definitely give this one a look. 8.5/10","No torture un patito es uno de los primeros (y, honestamente, en términos de la línea de cuentos, mejor ...) películas, y aunque no es el típico ""Blood Bath"" de la que se conoce Fulci, esto sigue siendo muy único y Película agradable. La historia rodea una pequeña ciudad donde están ocurriendo una serie de asesinatos infantiles. Algunos de los personajes coloridos involucrados en las investigaciones, ya sea como sospechosos, ni aquellos que ""ayudan"" a la investigación (o en algunos casos, ambos), incluyen la fuerza policial de los pueblos, un reportero de pequeña época, un hermoso y rico adicto a la ex drogadía, Un joven sacerdote y su madre, un anciano que practica brujería y su proteegé femenino, un pueblo mentalmente discapacitado, y una niña sorda / muda. Todas estas personas están entretejidas en la parcela para crear varios giros y giros, hasta que se revela el asesino real ... No torture un patito no es ni un giallo ""clásico"" ni una película típica de Gore Fulci. Aunque contiene elementos de ambos, es más un misterio de asesinato antiguo, con un tema más oscuro y algunas escenas de violencia gráfica (aunque nada tan fuerte como algunas de las obras posteriores de Fulci). Esta es una película bien escrita con muchos giros que me mantuvieron adivinando hasta el final. Recomendado para los fanáticos de Giallo / Murder-Mystery, o cualquier persona que quiera ver algunas de las películas que no seamos salpicaduras de Fulci, pero no se desespere, no la tortura aún tiene más de lo que es una parte justa de la violencia y la silla. Algunos pueden ser eliminados por el tema de los asesinatos infantiles, y un personaje femenino principal tiene un hábito extraño de golpear a los niños muy pequeños, que también es un tipo de desconcertamiento, pero si ese tipo de material no te molesta, definitivamente Dale un vistazo a este. 8.5 / 10",positive,positivo
66,"Busty beauty Stacie Randall plays PVC clad, bad-ass bitch Alexandra, the faithful acolyte of Faust, an evil entity trapped in hell. Determined to free her master, the malevolent minx breaks into a warehouse to steal a magical gem vital to her success; but whilst conducting a satanic ritual to summon Faust, the silly mare accidentally enters the pentagram she has drawn on the floor, which results in the loss of the gem and the release of two diminutive, troll-like creatures called Lite and Dark.Now Alexandra must find a replacement gem, which isn't going to be easy: the only other stone that will do the trick is worn around the neck of her ex-lover, police detective Jonathan Graves (Peter Liapis), who is investigating the warehouse robbery and who knows only too well what evil Alexandra is capable of. Meanwhile, wise-cracking inter-dimensional half-pints Lite and Dark get into all sorts of zany trouble as they try to find a way back home.In the warped movie world of Jim Wynorski, all females are big-breasted babes with the fashion sense of a cheap hooker. Ghoulies IV is no exception: every woman in this filmwhether she be a police captain, a curator of antiquities, or a mental patient in an asylumis hot, hot, hot and wears not a lot, and it's this fact that makes this otherwise totally unwatchable piece of STV crap just about bearable.But be warned, even though the presence of semi-naked, quality crumpet makes the going slightly easier, there is still plenty about this film to warrant it being labelled as an ordeal: the acting is wooden and the dialogue is painful; the black humour (as the DVD blurb describes it) is about as funny as a knee to the knackers, with the comedic banter of Lite and Dark being particularly cringe-worthy; and the special effects are bargain basement, consisting of rubbery creatures and visual effects that would have looked dated ten years earlier.3/10 solely for the high bimbo quotient.","La belleza tetona Stacie Randall interpreta a PVC revestido, perra mal-culo Alexandra, el fiel acólito de Faust, una entidad malvada atrapada en el infierno. Determinado a liberar a su maestro, el Minx malévolo se rompe en un almacén para robar una joya mágica vital para su éxito; Pero a la vez que realiza un ritual satánico para convocar a Faust, la yegua tonta ingresa accidentalmente al pentagrama que ha dibujado en el suelo, lo que resulta en la pérdida de la gema y la liberación de dos criaturas diminutivas, en forma de troll llamada Lite y Dark. Ahora Alexandra. Debe encontrar una gema de reemplazo, que no va a ser fácil: la única otra piedra que hará el truco se desgasta alrededor del cuello de su ex amante, el detective de la policía Jonathan Graves (Peter Liapis), que está investigando el robo del almacén. Y quién sabe demasiado bien de lo que es capaz de Alexandra malvado. Mientras tanto, los sabios que se agrietan las semejjas interde dimensionales Lite y la oscuridad se ponen en todo tipo de problemas zany, ya que intentan encontrar un camino de regreso a casa. En el mundo de la película Warped de Jim Wynorski, todas las hembras son bebés de gran pechugas con la moda. Sentido de una puta barata. Ghoulies iv no es una excepción: cada mujer en esta película, ya sea que sea un capitán de la policía, un curador de antigüedades, o un paciente mental en un asilo, es caliente, caliente, caliente y no usa mucho, y es este hecho que hace Por lo demás, por lo demás, una pieza de stv de STV totalmente ininterrumpida, casi coherable. Pero tenga cuidado, aunque la presencia de crumpet de calidad semi-desnuda hace que la marcha sea un poco más fácil, todavía hay mucho acerca de esta película para que la garantice que se esté etiquetando como una prueba: la Actuar es de madera y el diálogo es doloroso; El humor negro (a medida que la negligencia de DVD lo describe) es tan divertida como una rodilla para los Knackers, con la broma de la comedia de Lite y la oscuridad, siendo digno de censura; Y los efectos especiales son el sótano de ganga, que consiste en criaturas gomosas y efectos visuales que habrían mirado diez años antes.3 / 10 únicamente para el alto cociente BIMBO.",negative,negativo
67,"I really like Salman Kahn so I was really disappointed when I seen this movie. It didn't have much of a plot and what they did have was not that appealing. Salman however did look good in the movie looked young and refreshed but was worth the price of this DVD. The music was not bad it was quite nice. Usually Indian movies are at least two to three hours long but this was a very short movie for an Indian film. The American actress that played in the movie is from the television hit series Heroes, Ali Larter. Her acting had a lot to be desired. However she did look good in the Indian dresses that she wore. All the movie had not a lot to be desired and I hope Salman does a lot better on his next movie. Thank you.","Me gusta mucho a Salman Kahn, así que estaba realmente decepcionado cuando veía esta película.No tenía gran parte de una parcela y lo que hicieron, no fue tan atractivo.Sin embargo, Salman se veía bien en la película, se veía joven y refrescada, pero valió la pena el precio de este DVD.La música no era mala fue bastante agradable.Por lo general, las películas indias tienen al menos dos a tres horas, pero esta fue una película muy corta para una película india.La actriz estadounidense que jugó en la película es de la serie Television Series Heroes, Ali Larter.Su actuación tenía mucho que desear.Sin embargo, se veía bien en los vestidos indios que llevaba.Toda la película no tenía mucho que desear y espero que Salman sea mucho mejor en su próxima película.Gracias.",negative,negativo
68,"I'm not sure why the producers needed to trade on the name of a somewhat successful movie franchise because the title suggests that it is a sequel to the first three movies..which it is not. Even though Marques Houston did appear in ""HP3"", he played a totally different character (he was, eight years older) in this film. Okay...so Reid and Martin weren't the most talented and couldn't carry a film all by themselves..but to trade on the HP franchise seems to me that there could have made some sort of reference (albeit minor) to the earlier movies. I'm sure everyone who wanted to see it was ""hoodwinked""--into thinking that they were seeing a sequel--not a totally different film with a familiar name. And I'm sorry...Kym Whitley is not funny, and could not hold a candle to the late Robin Harris, Ketty Lester, or DC Curry in the earlier films. Although Meagen Good and Mari Morrow are a substantial visual diversion...I have to give this a THUMBS DOWN!! Just naming the film ""Down to the Last Minute"" would have been OK. Furthermore, the Hudlin brothers (who produced the first three movies) were not involved in the making of this film.","No estoy seguro de por qué los productores necesitaban comerciar con el nombre de una franquicia de cine algo exitosa porque el título sugiere que es una secuela de las primeras tres películas ... que no lo es. A pesar de que Marques Houston apareció en ""HP3"", jugó un personaje totalmente diferente (fue, ocho años más viejo) en esta película. Bien ... así que Reid y Martin no fueron los más talentosos y no pudieron llevar una película por sí mismos ... pero al comerciar en la franquicia de HP me parece que podría haber hecho algún tipo de referencia (aunque menor) a las películas anteriores Estoy seguro de que todos los que querían verlo fue ""con capucha"", para pensar que estaban viendo una secuela, no una película totalmente diferente con un nombre familiar. Y lo siento ... Kym Whitley no es gracioso, y no podía sostener una vela al difunto Robin Harris, Ketty Lester, o DC Curry en las películas anteriores. Aunque Meagen Good y Mari Morrow son un desvío visual sustancial ... ¡Tengo que darle esto un pulgar hacia abajo! Solo nombrar la película ""hasta el último minuto"" habría estado bien. Además, los Hudlin Brothers (que produjeron las tres primeras películas) no estaban involucradas en la realización de esta película.",negative,negativo
69,"This film laboured along with some of the most predictable story lines and shallow characters ever seen. The writer obviously bought the playbook ""How to write a space disaster movie"" and followed it play by play. In particular, the stereo-typical use of astronauts talking to their loved ones from outer space - putting on a brave show in the face of disaster - has been done time and time again.Max Q appears to have been written in the hope that the producers would throw $50 million at the project. But, judging by the latter half of the film which contained numerous lame attempts at special effects, the producers could only muster $50 thousand. To learn that the film was nominated for a ""Special Visual Effects"" Emmy has me absolutely gob-smacked.I think a handful of high school students with a pass in Media Studies could have created more believable effects!And the plot holes are too numerous to mention. But I will pick one out as an example. Now, I'm no NASA expert, but surely it's highly implausible that a worker attached to the shuttle simulator would suddenly hold a position of power in the control room when things start to go pear-shaped with the program. Surely there is someone more experienced at Mission Control who the Program Director would call on rather than a twenty-nine year old who has not been in the control room before.The only saving grace for this film is the work of Bill Campbell. He manages to make a good attempt at salvaging something out of the train wreck that is this script.I give this film 2 out of 10, with the above-average work of Bill Campbell in the lead role saving it from a lower mark.","Esta película trabajó junto con algunas de las líneas de historia más predecibles y personajes poco profundos jamás vistos. Obviamente, el escritor compró el Libro de PlayBook ""Cómo escribir una película de desastres espaciales"" y la siguió Jugar por jugar. En particular, el uso estereo-típico de los astronautas que hablan con sus seres queridos desde el espacio exterior, la puesta en un espectáculo valiente frente al desastre, se ha hecho tiempo y tiempo nuevamente. Manta Q parece haber sido escrita con la esperanza de que el Los productores lanzarían $ 50 millones en el proyecto. Pero, a juzgar por la segunda mitad de la película que contenía numerosos intentos cojos a efectos especiales, los productores solo podían reunir $ 50 mil. Para saber que la película fue nominada para un ""Efectos visuales especiales"", Emmy me tiene absolutamente Gob-Smacked. ¡Creo que un puñado de estudiantes de secundaria con un pase en estudios de medios podrían haber creado efectos más creíbles! Y los agujeros de la trama son demasiado numerosos mencionar. Pero lo recogeré como ejemplo. Ahora, no soy un experto en la NASA, pero seguramente es altamente inverosímil que un trabajador adjunto al simulador de transbordadores de repente mantendría una posición de poder en la sala de control cuando las cosas comienzan a ir en forma de pera con el programa. Seguramente, existe alguien más con experiencia en el control de la misión, quien el director del programa pondría en lugar de un niño de veintinueve años que no ha estado en la sala de control antes. La única gracia de ahorro para esta película es la obra de Bill Campbell. Loger para hacer un buen intento de salvar algo fuera del accidente de tren que es este script. Dé esta película 2 de 10, con el trabajo promedio anterior de Bill Campbell en el rol de plomo que lo ahogan de una marca inferior.",negative,negativo
70,"Caddyshack Two is a good movie by itself but compared to the original it cant stack up. Robert Stack is a horrible replacement for Ted Knight and Jackie Mason, while funny just cant compete with Rodney Dangerfield. Ty Webb is funny, being the only character from the original. Most of the other characters in the movie lack the punch of the original (Henry Wilcoxon for example) except for the hystericly funny lawyer Peter Blunt, being played by Randy Quaid. Every line he says reminds me of the originals humor, especially the scene at his office (I don't go in for law suits or motions. I find out where you live and come to your house and beat down your door with a f***ing baseball bat, make a bonfire with the chippindale,maybe roast that golden retriever (arff arff arff) then eat it. And then I'm comin' upstairs junior, and I'm grabbing you by your brooks brothers pjs, and cramming your brand new BMW up your tight a**! Do we have an understanding?). Offsetting his small role however, is Dan Acroyd, who is obviously no replacement for Bill Murray. His voice is beyond irritating and everything he does isnt even funny, its just stupid. Overall Caddyshack II is a good movie, but in comparison to the awesome original it just cant cut it.","Caddyshack Dos es una buena película por sí misma, pero en comparación con el original, no puede apilar. Robert Stack es un reemplazo horrible para Ted Knight y Jackie Mason, mientras que gracioso no puede competir con Rodney Dangerfield. TY WEBB es divertido, siendo el único personaje del original. La mayoría de los otros personajes en la película carecen del golpe del original (por ejemplo, Henry Wilcoxon), excepto por el abogado histéricamente divertido Peter Blunt, siendo jugado por Randy Quaid. Cada línea que él dice que me recuerda al humor original, especialmente la escena en su oficina (no me encuentro con demandas o movimientos. Me entero donde vives y vienes a tu casa y golpeando tu puerta con af ** * Ingrese bate de béisbol, haz una hoguera con el Chippindale, tal vez asar ese golden retriever (Arff Arff Arff) y luego comerlo. Y luego voy a venir a Junior de arriba, y te estoy agarrando de tus hermanos Brooks PJS, y Cramming ¡Tu nuevo bmw sube tu apretado A **! ¿Tenemos una comprensión?). Sin embargo, compensando su pequeño rol, es Dan Acroyd, que obviamente no es reemplazo para Bill Murray. Su voz es más allá de irritante y todo lo que hace no es tan divertido, es simplemente estúpido. En general, Caddyshack II es una buena película, pero en comparación con el increíble original, simplemente no puede cortarlo.",negative,negativo
71,"Honestly - this short film sucks. the dummy used in the necro scene is pretty well made but still phony enough looking to ruin the viewing experience. the Unearthed DVD is crisp and clear and I haven't made up my mind if this helps or hinders it. If the film was a little grainy it might have added some ""creepiness factor"" to what was going on. I have no idea why this film has so much hype surrounding it other than the subject matter - but to be honest the necrophilia scenes in films like NEKROMANTIK and VISITOR Q among others, are more shocking than in AFTERMATH. All this talk about the film being about loneliness and all other manner of deep philosophy is bull****. This is an expensive, beautifully filmed turd. It's not that shocking, it's not that disgusting. if you insist on viewing it - rent it. I give it a 3 for the fact that not many people make explicit movies about necrophilia (there should definitely be a bigger selection for us sickos ;) - the filming is good and it does have some ""gore"" (if watching a rubbery looking doll get cut open is considered gore...) but other than that - absolutely nothing going for this over-hyped mess. On the other hand - GENESIS - Cerda's ""sequel"" to AFTERMATH (now available as a ""double feature"" released by Unearthed films) is an absolute masterpiece of a short film, really showing what a good director Cerda really is when given the right material. Although I don't care for AFTERMATH at all, GENESIS is so well made that I will forgive Cerda and Definitely keep an eye out for him in the future...","Honestamente, este cortometraje chupa. El maniquí usado en la escena de NECRO está bastante bien hecho, pero sigue siendo lo suficientemente falso para arruinar la experiencia de visualización. El DVD desenterrado es crujiente y claro y no me he decidido si esto lo ayuda o lo dificulta. Si la película era un poco granulada, podría haber agregado algún ""factor de cruce"" a lo que estaba sucediendo. No tengo idea de por qué esta película tiene tanta exageración que lo rodea, excepto el tema, pero para ser honesto, las escenas de necrófilia en las películas como Nekromantik y visitante Q entre otras, son más impactantes que en consecuencia. Toda esta charla sobre la película que se trata de la soledad y toda la otra manera de la filosofía profunda es Bull ****. Este es un turd caro, bellamente filmado. No es tan impactante, no es tan repugnante. Si insistes en verlo, alquilo. Le doy un 3 por el hecho de que no mucha gente hace películas explícitas sobre la necrofilia (definitivamente debería haber una selección más grande para nosotros enfermos;): la filmación es buena y tiene un poco de ""gore"" (si observa una muñeca de aspecto gomoso Obtener corte abierto se considera gore ...) pero aparte de eso, absolutamente nada que vaya por este desastre sobrepedido. Por otro lado, la ""secuela"" de Génesis, a la ""secuela"" de CERDA (ahora disponible como una ""doble característica"" liberada por películas desenterradas) es una obra maestra absoluta de un cortometraje, realmente mostrando lo que realmente es un buen director CERDA cuando se le da el material adecuado. . Aunque no me importa las consecuencias en absoluto, Génesis está tan bien hecha que perdonaré a CERDA y definitivamente lo mantendré atento a él en el futuro ...",negative,negativo
72,"I thought that Mukhsin has been wonderfully written. Its not just about entertainment. There's tonnes of subtle messages that i think Yasmin was trying to bring across. And yes, it might be confusing to some of you(especially if you didn't watch Sepet and/or Gubra for 76 times).I bet u noticed how they use characters from the two movies before right? Its really ironic how the characters relate. Like the bossy neighbour is that prostitute from Gubra. And the chick at the snooker pad turns out to be the religious and wife of the pious man in the future. And i absolutely love the voice-overs. Its crude yet awakeningly fresh. Like, when they took a shot of the Rumah Tumpangan Gamin signboard, then there was suddenly Mukhsin's voice saying 'Bismillahhirrahmannirrahim..' (the scene when he climbed the tree).It captured Malaysian's attitude(and in some mild way, sniggering at how pathetic it is) portrayed in the character. For example, even the kids can be really sharp tongued(complete with the shrill annoying voice) and simply bad mouth ppl all movie long. And how you can be such a busybody and talk about ppl, when ur own life isn't sorted out. All i can say is, this movie totally reached my expectation if not exceeded it. It kept me glued to the screen, i couldn't even take my eyes off it. Not even to make out in the cinema. Ha ha.","Pensé que Mukhsin ha sido maravillosamente escrito. No es solo sobre el entretenimiento. Hay toneladas de mensajes sutiles que creo que Yasmin intentaba traer. Y sí, podría ser confuso a algunos de ustedes (especialmente si no miraste, Sepet y / o Gubra durante 76 veces). ¡Apuesto a que notaste cómo usan personajes de las dos películas antes que? Es realmente irónico cómo se relacionan los personajes. Al igual que el prójimo es esa prostituta de GUBRA. Y la chica en la almohadilla del snooker resulta ser la religiosa y la esposa del hombre piadoso en el futuro. Y me encanta la voz en off. Su crudo pero despertadoramente fresco. Al igual que, cuando tomaron un disparo del Letrero de Gamin de Rumah Tumpangan, entonces, de repente, la voz de Mukhsin dijo 'Bismillahhirrahmannirrahim ..' (la escena cuando subió el árbol). Capturó la actitud de Malasia (y de alguna manera suave, riéndose de cómo Patético es) retratado en el personaje. Por ejemplo, incluso los niños pueden ser muy afilados (completos con la voz más estridente de la voz) y simplemente la boca mala boca toda la película. Y cómo puedes ser un cuerpo tan ocupado y hablar de PPL, cuando la propia vida no se resuelve. Todo lo que puedo decir es que esta película alcanzó totalmente mi expectativa si no lo superó. Me mantuvo pegado a la pantalla, ni siquiera podía quitarme los ojos de la misma. Ni siquiera para distinguir en el cine. Jaja.",positive,positivo
73,"I am not a golf fan by any means. On May 26 about 10:30 PM the movie started with a scene in the late 1800's. Old movies I like but not golf however, within the first scene a young boy (Harry Vardon) is awaken by the voices of men. He goes outside to inquire what they are doing and is told they are going to build a golf something... So , then I turned the television off but something stirred me and it was back on. The movie is excellent. We then see this young boy now a man; professional golf player who is haunted with visions from his childhood. Then we meet the true focus of the movie Francis and the decisions he makes for golf. You meet his mother and father who want to protect him from the class thing that is so obvious during the period. Then there is little Eddie Lowery his caddy with encouraging words and little pushes that are instrumental in Francis winning. Don't want to give away too much . I was up until 2 A.M. This is super please see the movie.","No soy un fanático de golf de ninguna manera.El 26 de mayo alrededor de las 10:30 pm La película comenzó con una escena a fines del siglo XIX.Sin embargo, las viejas películas que me gustan, pero no golf, dentro de la primera escena, un joven (Harry Vardon) está despertado por las voces de los hombres.Sale hacia afuera para preguntar qué están haciendo y se les dice que van a construir un golf, así que, entonces, me apagué la televisión, pero algo me agitó y estaba de nuevo.La película es excelente.Luego vemos a este joven ahora un hombre;Jugador de golf profesional que está atormentado con visiones de su infancia.Luego nos encontramos con el verdadero enfoque de la película Francisco y las decisiones que hace para el golf.Conoces a su madre y su padre que quiere protegerlo de la clase que es tan obvia durante el período.Luego, hay poco Eddie, más baja, su caddie con palabras alentadoras y pequeños empujones que son instrumentales en Francis, ganando.No quiero regalar demasiado.Yo estaba arriba hasta las 2 a.m.Esto es super por favor vea la película.",positive,positivo
74,"Upon viewing Tobe Hooper's gem, Crocodile, in 2000, I developed a great interest in the college/crocodile niche of the exploitation/monster genre. I look forward to a wayward producer to follow up with several sequels to these delightful bonbons of camp goodness. If only Ed Wood could bring his subtle sense of flair and dignity to these remarkable scripts. With Ed writing the scripts, and a room full of monkees creating crocodile special effects on a computer, all we'd need would be a cast of crocky fodder with Russ Meyer breasts and Ren Hoek pectoral implants.While Tobe Hooper's crocky opus referenced his own movies, Blood Surf chose to dish out a bunch of aging themes from the chum bucket of other movies. See if you can look past the Revenge of the Nerds sequel sets to find the allusions/homages?/rip-offs to Jaws, Temple of Doom, Indiana Jones' Last Crusade, The Convent, Godzilla 2000, and any James Bond movie. Also, try to find the ready-for-tv fade where the editor gave up on making sense of the stock.I was disappointed the crock didn't get to try out its sotto voce tenor with a soliloquy on environmentalism...or crocky appreciation, but the quasi-Captain Ahab of the story does get his tour de force speach. Perhaps, in the coming years, we'll see a crock galloping off after a shootout into a golden sunset. Or hopefully, a monkey will flush a crocky down the toilet of an international space station for midgets and enjoy the exploitative waltz of zero-G monkey/midget/crocodile bloodshed.All-in-all, the lack of a whammy bar in the surf music irked me.","Al ver la gema de Tober Hooper, el cocodrilo, en 2000, desarrollé un gran interés en el nicho de la universidad / cocodrilo del género de explotación / monstruo. Espero un productor accidental para hacer un seguimiento con varias secuelas a estos deliciosos bombones de la bondad del campamento. Si solo la madera de ED podría llevar su sutil sentido de estilo y dignidad a estos notables scripts. Con ED escribiendo los scripts, y una habitación llena de monos creando efectos especiales de cocodrilo en una computadora, todo lo que necesitaríamos sería un elenco de Crocky Fodder con Russ Meyer senos y los implantes pectorales de Ren Hoek. Mientras que Tobe Hooper's Crocky Opus se le hizo referencia. Las películas, la navegación de sangre optó por sacar un montón de temas de envejecimiento desde el cubo de Chum de otras películas. ¡A ver si puedes mirar más allá de la venganza de los conjuntos de secuelas de nerds para encontrar las alusiones / homes de los homenajes a las mandíbulas, el templo de Doom, la última Crusade de Indiana Jones, el convento, Godzilla 2000 y cualquier película de James Bond. Además, trate de encontrar el desvanecimiento listo para la televisión donde el editor se rindió en la sensación de la acción. Estaba decepcionado. La Crock no llegó a probar su tenor Sotto Voce con un soliloquio en el ecologismo ... o Crocky Apreciación, pero el cuasi-capitán AHAB de la historia hace que su gira de fuerza. Tal vez, en los próximos años, veremos un crock galopando después de un tiroteo en una puesta de sol dorada. O, con suerte, un mono saldrá de un crocky en el inodoro de una estación espacial internacional para los enanos y disfrute de la explotadora vals de mono-g de cero / enano / cocodrilo de sangre derramada. Todas en -La, la falta de una barra desnuda en el surf. La música me molestó.",negative,negativo
75,"It tries to be the epic adventure of the century. And with a cast like Shô Kasugi, Christopher Lee and John-Rhys Davies it really is the perfect B-adventure of all time. It's actually is a pretty fun, swashbuckling adventure that, even with it's flaws, captures your interest. It must have felt as the biggest movie ever for the people who made it. Even if it's made in the 90s, it doesn't have a modern feel. It more has the same feeling that a old Errol Flynn movie had. Big adventure movie are again the big thing in Hollywood but I'm afraid that the feeling in them will never be the same as these old movies had. This on the other hand, just has the real feeling. You just can't hate it. I think it's an okay adventure movie. And I really love the soundtrack. Damn, I want the theme song.","Intenta ser la aventura épica del siglo.Y con un elenco como Shô Kasugi, Christopher Lee y John-Rhys Davies, realmente es la aventura B perfecta de todos los tiempos.En realidad, es una aventura bastante divertida, de swashbuckling que, incluso con sus defectos, captura su interés.Debe haber sentido como la mayor película para las personas que lo hicieron.Incluso si se hace en los años 90, no tiene una sensación moderna.Más tiene la misma sensación de que había una antigua película de Errol Flynn.La película de la gran aventura es de nuevo la gran cosa en Hollywood, pero me temo que la sensación de ellos nunca será la misma que las antiguas películas.Esto por otro lado, solo tiene la sensación real.Simplemente no puedes odiarlo.Creo que es una película de buenas aventuras.Y realmente me encanta la banda sonora.Maldita sea, quiero la canción temática.",positive,positivo
76,"The Last Hard Men finds James Coburn an outlaw doing a long sentence breaking free from a chain gang. Do he and his friends head for the Mexican border from jail and safety. No they don't because Coburn has a mission of revenge. To kill the peace officer who brought him in and in the process killed his woman.That peace officer is Charlton Heston who is now retired and he knows what Coburn is after. As he explains it to his daughter, Barbara Hershey, Coburn was holed up in a shack and was involved in a Waco like standoff. His Indian woman was killed in the hail of bullets fired. It's not something he's proud of, she was a collateral casualty in a manhunt.Lest we feel sorry for Coburn he lets us know full well what an evil man he truly is. Heston is his usual stalwart hero, but the acting honors in The Last Hard Men go to James Coburn. He blows everyone else off the screen when he's on. Coburn gets the bright idea of making sure Heston trails him by kidnapping Hershey and taking her to an Indian reservation where the white authorities can't touch him. He knows that Heston has to make it personal then.Coburn's gang includes, Morgan Paull, Thalmus Rasulala, John Quade, Larry Wilcox, and Jorge Rivero. Heston has Chris Mitchum along who is his son-in-law to be.The Last Hard Men is one nasty and brutal western. Andrew McLaglen directed it and I'm thinking it may have been a project originally intended for Sam Peckinpaugh. It sure shows a lot of his influence with the liberal use of slow motion to accentuate the violence. Of which there is a lot. For a little Peckinpaugh lite, The Last Hard Men is your film.","Los últimos hombres duros encuentran a James Coburn un Outlaw haciendo una larga oración libre de una pandilla de cadena. Hace, él y sus amigos se dirigen a la frontera mexicana de la cárcel y la seguridad. No, no porque Coburn tiene una misión de venganza. Para matar al oficial de la paz que lo trajo y en el proceso mató a su mujer. El oficial de la paz es Charlton Heston, quien ahora está retirado y él sabe qué es Coburn después. Mientras lo explica a su hija, Barbara Hershey, Coburn se agachó en una choza y estaba involucrado en un Waco como un enfrentamiento. Su mujer india fue asesinada en el granizo de balas disparadas. No es algo de lo que esté orgulloso, era una víctima colateral en un manhunt.lest, sentimos pena por Coburn, nos permite saber bien lo que realmente es un hombre malvado. Heston es su habitual héroe de Stalwart, pero los honores de actuación en los últimos hombres duros van a James Coburn. Él sopla a todos los demás de la pantalla cuando está encendido. Coburn obtiene la brillante idea de asegurarse de que Heston lo sortee al secuestrar a Hershey y llevarla a una reserva india donde las autoridades blancas no pueden tocarlo. Él sabe que Heston tiene que hacerlo personal entonces. La pandilla de Coburn incluye, Morgan Paull, Thalmus Rasulala, John Quade, Larry Wilcox y Jorge Rivero. Heston tiene a Chris Mitchum a lo largo de quién es su yerno. Los últimos hombres duros son un occidental desagradable y brutal. Andrew Mclaglen lo dirigió y estoy pensando que puede haber sido un proyecto originalmente destinado a Sam Peckinpaugh. Seguro que muestra mucha influencia con el uso liberal de la cámara lenta para acentuar la violencia. De los cuales hay mucho. Para un pequeño Peckinpaugh Lite, los últimos hombres duros son tu película.",positive,positivo
77,"Maybe it was the title, or the trailer (certainly not the interview on the DVD, which is with the director as he keeps saying ""hi, kids"" into the camera like a buffoon), but I had expectations for Entrails of a Virgin to be at least a bit of sleazy fun with some good sex scenes and brutal, bloody killings by a weird Japanese penetrator. Turns out it's way too sleazy for its own good, or bad, or whatever. There's a problem- and one can see this also in the Italian sexploitation flick Porno Holocaust, similar to this in many respects- in not having balance to the sex and violence. Too much sex and it will turn into a prototypical porno, and not even with much production quality in comparison with most professional porno movies! And with the killing scenes, there has to be at least a little tack, and maybe just a smidgen of ingenuity, in creating the creature/killer/whatever. Entrails of a Virgin has neither. It's safe to say it's a pretty soulless movie, even if isn't one of the very worst ever made- it's there just for horn-dog Japanese fetishists to get off on girls in trouble and men who have all their brains in their 'other' heads.In this case, we're given a photo team where the guys are taking some shots of some girls, nothing too salacious, and then by way of a dense fog they stay off at some house one night and are picked off one by one by ""A Murderer"" as he's credited. First off, the director Kazuo 'Gaira' Komizu decides he has to put in a quota of random sex scenes early on- we get spliced in (or phoned in, take your pick) clips of one of the photographers having sex with one or more of the girls elsewhere. It looks like it's from another movie. Then once settled into the house, there's a 'wrestling' scene that's poorly choreographed and shot (yeah, we really need to see him 'all' there), and then on to the rape and killings. First the rape, by the photographers, who promise the girls some jobs for their time. Then the Murderer, who like D'Amato's creature is simply covered in mud and given a stupid facial, and who for an unknown reason kills the men and/or rapes the women one by one.Now, the latter of those, taken by themselves, should be considered the highlights of the movie. This is like saying, however, that the croûtons are the best part of a wretchedly tasting salad. An eye-gouging scene, a spike thrown like an Olympic event (that scene, actually, is kind of cool), and finally the entrailing of the overly sex-crazed girl, whose inconsequential name I can't remember. Even *this* becomes disappointing just by not being correct to the title! On top of this, the sex scenes, which become tedious through 'Gaira' and his indulgence in long-takes-without-cutaways where everything by the Japanese censors is blurred anyway, are dubbed over by the actors (you'd think that they seem to be enjoying themselves enough, hence the need to let them 'speak' for themselves). But the overall feeling from Entrails of a Virgin is that of a lumpy one, where it's just there to be gawked at and without a shred of suspense or true horror (watch as the last girl left alive, the virgin of the picture, tries to stop the murderer from getting to her, which lasts five minutes as she keeps throwing sticks at him!) You just want it to be done with, for the 'I hate women' mantra to ease up or be rid altogether.","Tal vez fue el título, o el trailer (ciertamente no la entrevista en el DVD, que es con el director como sigue diciendo ""Hola, niños"" en la cámara como un bufón), pero tuve expectativas para las entrañas de una virgen Tenga al menos un poco de diversión sleaz con algunas buenas escenas de sexo y asesinatos brutales y sangrientos por un penetrador japonés extraño. Resulta que es demasiado escozy para su propio bien, o malo, o lo que sea. Hay un problema, y ​​uno puede ver esto también en el holocausto de porno de flick de sexo italiano, similar a esto en muchos aspectos, al no tener equilibrio al sexo y la violencia. Demasiado sexo y se convertirá en un porno prototípico, ¡y ni siquiera con mucha calidad de producción en comparación con la mayoría de las películas de porno profesional! Y con las escenas de asesinato, tiene que haber al menos un poco de lado, y tal vez solo un smidgen de ingenio, al crear la criatura / asesino / lo que sea. Las entrañas de una virgen no tienen ninguno. Es seguro decir que es una película bastante sin alma, incluso si no es una de las más peores que haya hecho, está ahí solo para que los fetichistas japoneses del perro de cuernos se despegan con las niñas en problemas y los hombres que tienen todos sus cerebros en su ""otro. 'Encabezas. En este caso, nos dieron un equipo de fotos donde los muchachos están tomando algunas tomas de algunas niñas, nada demasiado salaces, y luego, por una densa niebla, se quedan fuera de una casa una noche y son escogidos de uno. por uno por ""un asesino"" como ha acreditado. En primer lugar, el director Kazuo 'Gaira' Komizu decide que tiene que poner en una cuota de escenas de sexo al azar desde el principio, nos empalmamos en (o llamamos, tome su selección) clips de uno de los fotógrafos que tienen relaciones sexuales con uno o más de las chicas en otros lugares. Parece que es de otra película. Luego, una vez se estableció en la casa, hay una escena de ""lucha"" que está mal coreografiada y disparada (sí, realmente necesitamos verlo ""allí"" allí), y luego a la violación y los asesinatos. Primero la violación, por los fotógrafos, que prometen a las niñas algunos trabajos por su tiempo. Luego, el asesino, a quien le gusta la criatura de D'Amato simplemente está cubierta de barro y se le da un estúpido facial, y que por una razón desconocida mata a los hombres y / o violan a las mujeres una de una. Ahora, este último de los, tomada por sí mismos. , deben considerarse los puntos destacados de la película. Esto es como decir, sin embargo, que los croûtons son la mejor parte de una ensalada de sabor de sabor. Una escena de las gargantes, una espiga lanzada como un evento olímpico (esa escena, en realidad, es un poco genial), y finalmente la entrada de la chica demasiado sexual, cuyo nombre intrascendente no puedo recordar. Incluso * Esto * se vuelve decepcionante solo por no ser correcto para el título! Además de esto, las escenas de sexo, que se vuelven tediosas a través de 'Gaira' y su indulgencia en largos adquisiciones, donde todos los censores japoneses están borrados de todos modos, son apodados por los actores (pensarías que ellos Parece estar disfrutando lo suficiente, de ahí la necesidad de dejarlos ""hablar"" por sí mismos). Pero el sentimiento general de las entrañas de una virgen es el de un grumoso, donde solo está allí para que esté gawked en y sin un triturador de suspenso o verdadero horror (ver como la última niña, la virgen de la imagen, intenta ¡Detenle que el asesino llegue a ella, lo que dura cinco minutos, ya que ella sigue lanzando palos en él!) Sólo quieres que termine con él, ya que el mantra 'odio a las mujeres' se alivie o se libra por completo.",negative,negativo
78,"The few scenes that actually attempt a depiction of revolutionary struggle resemble a hirsute Boy Scout troop meandering tentatively between swimming holes. When Sharif or, please God, Palance try their hand at fiery oratory, they sound like Kurtz swallowing a bug. The displays of strategic brilliance incorporate a map of Cuba replete with smiling fishies in the ocean, and a positively Vaudevillian hypothesis on how the Bay of Pigs came to pass. What does that leave us with? One comical dentistry scene; a surfeit of uppity Hollywood peasants who address the camera as though it were a moving train; and, just for kicks, a passel of homoeroticism that is not limited to Castro's manic and unremitting cigar-fellatio. Never trust a Medved, but even a busted clock is right twice a day: this is a HISTORICALLY awful movie.","Las pocas escenas que realmente intentan una representación de la lucha revolucionaria se asemeja a una tropa de Hirsute Boy Scout serpenteando tentativamente entre los agujeros de natación.Cuando Sharif o, por favor, Dios, la pálida, prueba su mano en Fiery Oratory, suenan como Kurtz tragando un error.Las exhibiciones de Brilliance estratégica incorporan un mapa de Cuba repleto de peces sonrientes en el océano, y una hipótesis positiva vodevilliana sobre cómo llegaron a pasar la bahía de los cerdos.¿Qué nos deja eso?Una escena de odontología cómica;un surfeit de campesinos de la altura de Hollywood que abordan la cámara como si fuera un tren en movimiento;Y, solo para patadas, un pase de homoerotismo que no se limita a la felación de cigarros maníaco y sin remanso de Castro.Nunca confíe en un medicamento, pero incluso un reloj roto tiene razón dos veces al día: esta es una película históricamente horrible.",negative,negativo
79,"This film took me by surprise. I make it a habit of finding out as little as possible about films before attending because trailers and reviews provide spoiler after spoiler. All I knew upon entering the theater is that it was a documentary about a long married couple and that IMDb readers gave it a 7.8, Rotten Tomatoes users ranked it at 7.9 and the critics averaged an amazing 8.2! If anything, they UNDERRATED this little gem.Filmmaker Doug Block decided to record his parents ""for posterity"" and at the beginning of the film we are treated to the requisite interviews with his parents, outspoken mother Mina, and less than forthcoming dad, Mike. I immediately found this couple interesting and had no idea where the filmmaker (Mike & Mina's son Doug) was going to take us. As a matter of fact, I doubt that Doug himself knew where he was going with this!Life takes unexpected twists and turns and this beautifully expressive film follows the journey. It is difficult to verbalize just how moved I was with this story and the unique way in which it was told. Absolutely riveting from beginning to end and it really is a must-see even if you aren't a fan of the documentary genre. This film will make you think of your own life and might even evoke memories that you thought were long forgotten. ""51 Birch Street"" is one of those rare filmgoing experiences that makes a deep impression and never leaves you. The best news of all is that HBO had a hand in the production so instead of playing to a limited art house audience, eventually, millions of people will have a chance to view this incredible piece of work. BRAVO!!!!!!!!","Esta película me tomó por sorpresa. Tengo la costumbre de descubrir lo menos posible sobre las películas antes de asistir porque los remolques y las reseñas proporcionan alerón después de los spoiler. Todo lo que sabía al ingresar al teatro es que era un documental sobre una pareja casada larga y que los lectores IMDb le dieron un 7.8, los usuarios de tomates podridos lo clasificaron a las 7.9 y los críticos promediaron un asombroso 8.2! En todo caso, se subestablecieron esta pequeña gema. El bloqueo Doug Doug decidió registrar a sus padres ""para la posteridad"" y al comienzo de la película, somos tratados con las entrevistas necesarias con sus padres, la Madre Bajada Mina, y menos que el próximo papá, Mike . Inmediatamente encontré esta pareja interesante y no tenía idea de dónde nos iba a llevar el cineasta (hijo de Mike y Mina Doug). De hecho, dudo que Doug mismo supiera a dónde iba con esto! La vida toma giros y giros inesperados y esta película bellamente expresiva sigue el viaje. Es difícil verbalizar cuán movido estaba con esta historia y la forma única en la que se le dijo. Absolutamente avanzando de principio a fin y realmente es una visita obligada incluso si no eres un fanático del género documental. Esta película te hará pensar en tu propia vida e incluso podría evocar recuerdos que pensó que había olvidado durante mucho tiempo. ""51 Birch Street"" es una de esas raras experiencias de películas que causan una profunda impresión y nunca te deja. La mejor noticia de todo es que HBO tenía una mano en la producción, por lo que en lugar de jugar a una audiencia de arte limitada, finalmente, millones de personas tendrán la oportunidad de ver esta increíble pieza de trabajo. ¡¡¡¡¡¡¡¡BRAVO!!!!!!!!",positive,positivo
80,"Stephen Hawkings is a genius. He is the king of geniuses. Watching this movie makes me feel dumb. But it's a great movie. Not highly entertaining, but very very intriguing. The movie centers around wheelchair bound Stephen Hawkings, a man who makes Einstein look average, and his theories and scientific discoveries about the universe, time, the galaxy, and black holes. Everyone at sometime or another during a really intense high comes to a moment when they think they'v got the universe and the cosmos figured out and they swear as soon as they sober up they'll write it all down. Well here is a man who actually held that feeling for more then six hours. Here is a man who despite suffering from Lou Gehrig's disease has become the greatest mind the world has yet seen. Watch this and listen in on how he has formulated theories on black holes. Awesome. You won't be the same after you see it.","Stephen Hawkings es un genio.Él es el rey de los genios.Ver esta película me hace sentir tonta.Pero es una gran película.No es muy entretenido, pero muy muy intrigante.Los centros de cine alrededor de la silla de ruedas en Stephen Hawkkings, un hombre que hace que Einstein se vea promedio, y sus teorías y descubrimientos científicos sobre el universo, el tiempo, la galaxia y los agujeros negros.Todos, en algún momento u otro, durante un alto intenso, llegan a un momento en el momento en que piensan que obtuvieron el universo y el cosmos se descubrió y lo juran tan pronto como se sobrio, lo descubieran.Bueno, aquí hay un hombre que realmente sostuvo ese sentimiento por más de las seis horas.Aquí hay un hombre que a pesar del sufrimiento de la enfermedad de Lou Gehrig se ha convertido en la mente más grande que el mundo aún ha visto.Mira esto y escucha cómo ha formulado teorías en los agujeros negros.Impresionante.No serás igual después de verlo.",positive,positivo
81,"The story is about a psychic woman, Tory, who returns to her hometown and begins reliving her traumatic childhood past (the death of her childhood friend and abusive father). Tory discovers that her friend was just the first in a string of murders that are still occurring. Can her psychic powers help solve the crimes and stop the continuing murders? You really don't need to find out because, Oh My God! This was so so so so bad! I know all the Nora Roberts fans will flock to this movie and give it tons of 10's. Then the rest of us will see an IMDb score of 6 and actually think this movie is worth watching. But do not be fooled. The ending was predictable, the acting TERRIBLE (don't even get me started about the southern accents *y'all*) and the story was trite. Just remember....you were warned!","La historia es sobre una mujer psíquica, Tory, que regresa a su ciudad natal y comienza a revivir su pasado de la infancia traumática (la muerte de su amigo de su infancia y padre abusivo).Tory descubre que su amiga fue la primera en una cadena de asesinatos que aún están ocurriendo.¿Pueden sus poderes psíquicos ayudar a resolver los delitos y detener los asesinatos continuos?¡Realmente no necesitas averiguarlo porque, oh Dios mío!¡Esto fue tan tan malo!Sé que todos los fanáticos de Nora Roberts acuden a esta película y le darán toneladas de 10.Luego, el resto de nosotros verá una puntuación IMDb de 6 y, en realidad, creo que vale la pena ver esta película.Pero no se deje engañar.El final era predecible, lo que actúa terrible (ni siquiera me enteré de los acentos del sur * y la historia era trillada.Solo recuerda ... ¡Fuiste advertido!",negative,negativo
82,"Oh God, I must have seen this when I was only 11 or twelve, (don't ask how) I may have been young, but I wasn't stupid. Anyone could see that this is a bad movie, nasty, gross, unscary and very silly. I've seen more impressive effects at Disneyland, I've seen better performances at a school play, And I've seen more convincing crocodiles at the zoo, where they do nothing but sit in the water, ignoring the children tapping on the glass.The story is set in northern Australia. A handful of ambitious young people, are trying out a new water sport, surfing in shark filled waters. It soon becomes evident that something more dangerous is in the water. After they learn what, they get the help of a grizzly middle aged fisherman, who wants to kill the animal to avenge the eating of his family.I think I have seen every crocodile film made in the last fifteen years, the best of which is Lake Placid, and the worse of which is its sequel. Blood Surf would have to be the second worst croc flick I think, with Primeval and Crocodile tailing closely behind.The Australian Saltwater Crododile is one of the most dangerous creatures out there, resulting in more than a hundred injuries or deaths every year. Movies like Blood Surf however ruin not only the ferocious image of such a creature, but a good hour and a half of the viewer's life. Unless you really want to see it, avoid Blood Surf.","Oh Dios, debo haber visto esto cuando tenía solo 11 o doce, (no preguntes cómo) puedo haber sido joven, pero no era estúpido. Cualquiera podía ver que esta es una mala película, desagradable, bruta, despreocupada y muy tonta. He visto efectos más impresionantes en Disneyland, he visto mejores actuaciones en un juego de la escuela, y he visto cocodrilos más convincentes en el zoológico, donde no hacen nada más que sentarse en el agua, ignorando a los niños tocando el cristal. . La historia se encuentra en el norte de Australia. Un puñado de jóvenes ambiciosos, están probando un nuevo deporte acuático, surfeando en aguas llenas de tiburones. Pronto se hace evidente que algo más peligroso está en el agua. Después de que aprendan qué, reciben la ayuda de un pescador de mediana edad grizzly, que quiere matar al animal a vengar el consumo de su familia. Creo que he visto cada película de cocodrilo hecho en los últimos quince años, lo mejor de los cuales es Lago Placid, y lo peor de los cuales es su secuela. Sangre Surf tendría que ser el segundo peor ciclismo de Croc, creo, con una parte primitiva y de cocodrilo detrás detrás. El crododilo de agua salada australiana es una de las criaturas más peligrosas por ahí, lo que resulta en más de cien lesiones o muertes cada año. Películas como el surf de sangre, sin embargo, ruinas no solo la feroz imagen de tal criatura, sino una buena hora y la mitad de la vida del espectador. A menos que realmente desee verlo, evite el surf de sangre.",negative,negativo
83,"""Fate"" leads Walter Sparrow to come in possession of a mysterious novel that has eerie similarities and connections to his life, all based around the number 23. As the story unfolds in real life and fiction, Sparrow must figure out his connection to the book and how the story will eventually end.The Number 23 offers an intriguing premise that is undone by a weak execution. The film just failed on many different levels which is pretty disappointing because it held so much potential. The screenplay was probably the worst part about it. It was filled with silly sequences and laughable dialog that just killed the mood of the movie. It seemed like the screenwriter had a good idea, he just didn't know how to develop it to stretch over a ninety minute running time. The second half of the film was running low on ideas, the twist was pretty obvious and the ending was awful.Joel Schumacher is responsible for one of the worst movies ever and he did redeem himself a little with Phone Booth and a few other films but The Number 23 reminds me that he's still capable of making a stinker. He has the movie drenched in style but he just can't get a good focus. He moves the film at a clunky and slow pace. He switches from reality to what's actually happening in the book which quickly got annoying. The actual book in the film that's titled ""The Number 23"" is an awful detective story and the audience gets stuck listening to Carrey narrate it which just bored me to tears. When Carrey is finally done with book, we get stuck watching him run around trying to solve the mystery. At this point, the audience has lost interest and there is no real tension. We impatiently wait for the movie to reach it's horrible ending and unconvincing explanation before celebrating that film has finally finished.The acting was mostly average and pretty forgettable. Jim Carrey was clearly just sleepwalking through his performance and he didn't even seem to be trying. He was either completely over the top in some scenes or just very wooden. His narration was a complete bore to listen to and he put no life inside his character. Virginia Madsen did the best she could with a limited role but she needs to pick better scripts. Logan Lerman was pretty bland as was Danny Huston. Overall, The Number 23 was an awful thriller that offered more laughs than suspense or thrills. Rating 3/10","""El destino"" lleva a Walter Sparrow para venir en posesión de una novela misteriosa que tiene similitudes y conexiones extrañas a su vida, todas basadas en el número 23. A medida que la historia se desarrolla en la vida real y la ficción, el gorrión debe descubrir su conexión con el libro. y cómo finalmente finalizará la historia. El número 23 ofrece una premisa intrigante que se deshace con una ejecución débil. La película simplemente falló en muchos niveles diferentes, lo que es bastante decepcionante porque tenía mucho potencial. El guión fue probablemente la peor parte del respecto. Estaba lleno de secuencias tontas y diálogo risible que acaba de matar el estado de ánimo de la película. Parecía que el guionista tenía una buena idea, simplemente no sabía cómo desarrollarlo para estirarse durante un tiempo de funcionamiento de noventa minutos. La segunda mitad de la película se estaba ejecutando bajo en ideas, el giro era bastante obvio y el final fue horrible. Joy, Schumacher es responsable de una de las peores películas de la historia y se redimió un poco con la cabina telefónica y algunas otras películas, pero El número 23 me recuerda que todavía es capaz de hacer un apestoso. Él tiene la película empapada de estilo, pero simplemente no puede obtener un buen enfoque. Él mueve la película a un ritmo clortunismo y lento. Él cambia de la realidad a lo que realmente está sucediendo en el libro que rápidamente se molestó. El libro real en la película que se titula ""El número 23"" es una historia de detective horrible y la audiencia se atasca, escuchando a Carrey, narrado, lo que me aburrió a las lágrimas. Cuando Carrey finalmente se hace con el libro, nos quedamos atrapados viéndolo corriendo tratando de resolver el misterio. En este punto, la audiencia ha perdido interés y no hay una tensión real. Esperamos con impaciencia a que la película alcance su horrible final y una explicación no convincente antes de celebrar que finalmente haya terminado la película. La actuación fue en su mayoría promedio y bastante olvidable. Jim Carrey claramente estaba tranquilizando por su actuación y ni siquiera parecía estar intentando. Estaba completamente por encima de la cima en algunas escenas o simplemente muy de madera. Su narración fue un completo orificio para escuchar y no puso ninguna vida dentro de su personaje. Virginia Madsen hizo lo mejor que podía con un papel limitado, pero ella necesita elegir mejores scripts. Logan Lerman fue bastante insípido al igual que Danny Huston. En general, el número 23 fue un terrible thriller que ofreció más risas que el suspenso o las emociones. Calificación 3/10",negative,negativo
84,"We brought this film as a joke for a friend, and could of been our worst joke to play. The film is barely watchable, and the acting is dire. The worst child actor ever used and Hasslehoff giving a substandard performance. The plot is disgraceful and at points we was so bored we was wondering what the hell was going on. It tries to be gruesome in places but is just laughable.Just terrible","Trajimos esta película como una broma para un amigo, y podría haber sido nuestra peor broma para jugar.La película es apenas vigilable, y la actuación es grave.El peor actor de los niños ha usado y Hasslehoff dando un rendimiento deficiente.La trama es vergonzosa y en los puntos que estuvimos tan aburridos, nos preguntábamos qué demonios estaba pasando.Intenta ser espantoso en lugares, pero es simplemente ridículo. Solo es terrible.",negative,negativo
85,This was probably the worst movie i have ever seen in my life!! It was stupid there was no plot and the special affects were ridiculous!! And i have never seen such bad acting in my life! The only good part about the movie were all the hot guys(especially Drew Fuller). I don't know what these people were thinking when they made this movie!! I didn't even want to finish the whole thing because you get to this point in the movie where the guys are all in bed touching themselves. I mean it was like some kind of sick and twisted kiddy porn! I would advise anyone who has heard of this movie and was interested in seeing it to just forget about it and find another movie to watch! I was very disappointed!! The whole movie was a complete waste of time in my opinion.,¡Esta fue probablemente la peor película que he visto en mi vida!¡Era estúpido que no había parcela y los efectos especiales eran ridículos!¡Y nunca he visto tan mal actuando en mi vida!La única buena parte de la película fueron todos los chicos calientes (especialmente Drew Fuller).¡No sé qué estaban pensando estas personas cuando hicieron esta película!Ni siquiera quería terminar todo porque llegas a este punto en la película donde todos los chicos están tocados.Quiero decir que era como algún tipo de porno para niños enfermo y torcido!¡Aconsejaría a cualquiera que haya oído hablar de esta película y estuvo interesado en verlo para olvidarse de ello y encontrar otra película para ver!¡¡Yo estaba muy decepcionado!!Toda la película fue una completa pérdida de tiempo en mi opinión.,negative,negativo
86,"This is a typical Steele novel production in that two people who have undergone some sort of tragedy manage to get together despite the odds. I wouldn't call this a spoiler because anyone who has read a Steele novel knows how they ALL end. If you don't want to know much about the plot, don't keep reading.Gilbert's character, Ophelia, is a woman of French decent who has lost her husband and son in an accident. Gilbert needs to stop doing films where she is required to have an accent because she, otherwise a good actress, cannot realistically pull off any kind of accent. Brad Johnson, also an excellent actor, is Matt, who is recovering from a rather nasty divorce. He is gentle, convincing and compelling in this role.The two meet on the beach through her daughter, Pip, and initially, Ophelia accuses Matt of being a child molester just because he talked art with the kid. All of them become friends after this episode and then the couple falls in love.The chemistry between the two leads is not great, even though the talent of these two people is not, in my opinion, a question. They did the best they could with a predictable plot and a script that borders on stereotypical. Two people meet, tragedy, bigger tragedy, a secret is revealed, another tragedy, and then they get together. I wish there was more to it than that, but there it is in a nutshell.I wanted mindless entertainment, and I got it with this. In regard to the genre of romantic films, this one fails to be memorable. ""A Secret Affair"" with Janine Turner is far superior (not a Steele book), as are some of Steele's earlier books turned into film.","Esta es una producción típica de la novela Steele en que dos personas que se han sometido a una especie de tragedia logran reunirse a pesar de las probabilidades. No llamaría a esto un spoiler porque cualquiera que haya leído una novela Steele sabe cómo terminan todos. Si no quiere saber mucho sobre la trama, no sigas leyendo. El personaje de Gilbert, Ophelia, es una mujer de francés decente que ha perdido a su esposo e hijo en un accidente. Gilbert necesita dejar de hacer películas donde está obligada a tener un acento porque ella, de lo contrario, una buena actriz, no puede sacar de manera realista ningún tipo de acento. Brad Johnson, también un excelente actor, es Matt, que se está recuperando de un divorcio bastante desagradable. Es gentil, convincente y convincente en este rol. Los dos se encuentran en la playa a través de su hija, PIP, e inicialmente, Ophelia acusa a Matt de ser un niño abusador solo porque habló arte con el niño. Todos se convierten en amigos después de este episodio y luego la pareja se enamora. La química entre los dos clientes potenciales no es excelente, a pesar de que el talento de estas dos personas no es, en mi opinión, una pregunta. Hicieron lo mejor que pudieron con una trama predecible y un guión que bordea los estereotipos. Dos personas se encuentran, la tragedia, la tragedia más grande, se revela un secreto, otra tragedia, y luego se reúnen. Ojalá hubiera más que eso, pero allí está en pocas palabras. Quería entretenimiento sin sentido, y lo tengo con esto. En lo que respecta al género de películas románticas, este no es memorable. ""Un asunto secreto"" con Janine Turner es muy superior (no un libro de Steele), al igual que algunos de los libros anteriores de Steele se convirtieron en películas.",negative,negativo
87,Oh noes one of these attack of the Japanese ghost girl movies... i don't even remember how many i've seen. maybe it sells... but not to me. not scary at all. the japanese horror movies are have been very similar since the first one of these... also the pulling of the kid. i have seen that pulled under scene so many times in so many horror movies. cellphone scene is also nothing new... the dramaticness of the guy getting hit by a train kinda sucked... i mean it lacked all dramaticness... OK this is for kids 14-16 who listen to japanese rock and think they are so unique... we'll let me tell you. there's a million of you =D this is one of them. 3/10 i've seen worse but you won't be missing anything by NOT seeing this!,"Oh, noes, uno de estos ataques de las películas de Chica Ghost Japón ... ni siquiera recuerdo lo que he visto.Tal vez vende ... pero no para mí.No es de miedo en absoluto.Las películas de terror japonesas han sido muy similares desde la primera de estas ... también el tirar del niño.He visto que se detuvo en la escena tantas veces en tantas películas de terror.La escena del teléfono celular tampoco es nada nuevo ... la dramática del chico que se golpea por un tren un poco chupado ... quiero decir que carecía de toda dramaticidad ... ok, esto es para niños 14-16 que escuchan a los japoneses rock y piensan que sonTan único ... me dejaremos decirte.Hay un millón de ustedes = D Este es uno de ellos.3/10 ¡He visto peor, pero no te perderás nada al no ver esto!",negative,negativo
88,"Nicholas Walker is Paul, the local town Reverand who's married to Martha (Ally Sheedy), but also is a habitual womanizer and decides to fake his own death to run away with his current affair, Veronica (Dara Tomanovich). However in so doing, he gets a bout of amnesia (hence the name of the film). Sally Kirkland is also on hand as a crazy old coot who pines for the good Reverand in a shades of ""Misery"" type of way. It's sad to see a pretty good cast wasted like this. Not the least bit John Savage in a horridly forgettable role as a shoddy private investigator. In a film billed as a 'black comedy', one has to bring BOTH elements into said movie. While this does bring the former in spades, it sadly contains none of the latter. Furthermore you can't emphasize with any of the characters and as thus, have absolutely no vested interest in them. Technically not an all-together bad movie just an extremely forgettable one.Eye Candy: Dara Tomanovich gets topless; Sally Kirkland also shows some skin My Grade: C- Where I saw it: Showtime Showcase","Nicholas Walker es Pablo, la ciudad local Reverandia, que está casada con Martha (Ally Sheedy), pero también es un folletidor habitual y decide falsificar su propia muerte para huir de su aventura actual, Verónica (Dara Tomanovich). Sin embargo, al hacerlo, obtiene un ataque de amnesia (de ahí el nombre de la película). Sally Kirkland también está a la mano como una vieja focha loca que pinos para la buena reveranda en un tipo de ""miseria"". Es triste ver a un lecho bastante bueno desperdiciado así. No es lo más mínimo, John Savage en un papel horrible olvidable como un investigador privado de mala calidad. En una película facturada como una ""comedia negra"", uno tiene que traer ambos elementos a dicha película. Si bien esto trae el primero en espadas, tristemente no contiene ninguno de estos últimos. Además, no puede enfatizar con ninguno de los personajes y, por lo tanto, no tenga un interés absolutamente creado en ellos. Técnicamente, no es una mala película completamente unida, solo una vez más olvidadizante. Candy: Dara Tomanovich se vuelve en topless; Sally Kirkland también muestra algo de piel mi grado: C- donde lo vi: Showtime Showcase",negative,negativo
89,"Hollywood movie industry is the laziest one in the entire world. It only needs a single hit to flood theaters with the same old crap re-invented over and over again. Take superheroes for example, for each X-Man and Spiderman, there are Daredevil, Elektra, Ghost Rider and Hulk. Japanese horror remakes are even worst. It only took The Ring, which was pitch-perfect (mostly because of Mr. Gore Verbinsky), to bring a ton of look-alike creepy-woman based horrors, e.g. The Ring 2, The Eye, Dark Water (which was fine, but pointless), and the grudges.The first Grudge wasn't entirely bad. It was scary most of the way, which is what one could expect from it. Plus, the plot had some brains mixing narratives. Grudge 2 is exactly like the previous; this could be a good thing, but hey, what boy Men in Black II? Was it a nice thing to xerox the entire screenplay and just change the villain? For the Grudge 2, the critic goes the same way.Tired scares, bad acting (except for Amber Tamblyn), and clichés all over the place. Three stories take place, on different places and time. There is Aubrey (Tamblyn) investigating what drove her sister Karen (Sarah Michelle Gellar) to death; Allison (Arielle Kebbel) who is taken by colleagues to visit the house where the incident depicted in the first movie took place; and finally, an American family that witness strange stuff happening on the apartment next door. Glad to say (and I mean it) that everything is tied up at the end, but one must not rely on the end to make a good picture, when everything else is simply tiresome and dull.The chills are all over there, a girl alone in the lockers, someone who shouldn't enter a house, others that dig too deep. Meanwhile, ghosts keep killing and killing and killing, which seems even more deadlier than ten world wars or the Ebola epidemic. Hey, doesn't that seem just like another bad Japanese remake, something called Pulse? Yeah, day after day it's getting easier to hold a grudge... against Hollywood bullshits.","La industria del cine de Hollywood es la más perezosa de todo el mundo. Solo necesita un solo golpe a los teatros de inundación con la misma mierda vieja reinventada una y otra vez. Tome superhéroes, por ejemplo, para cada X-Man y Spiderman, hay Daredevil, Elektra, Ghost Rider y Hulk. Los remakes de horror japoneses son incluso peores. Solo tomó el anillo, lo que fue de tono perfecto (principalmente debido al Sr. Gore Verbinsky), para llevar un montón de horrores basados ​​en mujeres, por ejemplo, por ejemplo. El anillo 2, el ojo, el agua oscura (que estaba bien, pero sin sentido), y los rencores. El primer rencor no era del todo malo. Fue asustadizo la mayor parte del camino, que es lo que uno podría esperar de él. Además, la trama tenía algunos cerebros mezclando narrativas. Grudge 2 es exactamente como el anterior; Esto podría ser algo bueno, pero oye, ¿qué hombres en Black II II? ¿Fue algo bueno para Xerox el guión completo y simplemente cambiar el villano? Para el rencor 2, el crítico va de la misma manera. Asusencias estiradas, malas actuaciones (excepto Amber Tamblyn), y clichés en todo el lugar. Tres historias tienen lugar, en diferentes lugares y tiempo. Aubrey (Tamblyn) investiga lo que condujo a su hermana Karen (Sarah Michelle Gellar) hasta la muerte; Allison (Arielle Kebbel) que es tomada por colegas para visitar la casa donde se realizó el incidente en la primera película; Y finalmente, una familia estadounidense que presenció cosas extrañas que suceden en el apartamento de al lado. Me alegra decir (y lo digo en serio) que todo está atado al final, pero uno no debe confiar en el final para hacer una buena imagen, cuando todo lo demás es simplemente aburrido y aburrido. Los escalofríos están ahí, una niña Solo en los casilleros, alguien que no debe entrar en una casa, otros que profundizan demasiado. Mientras tanto, los fantasmas siguen matando y matando y matando, lo que parece aún más más mortal que las diez guerras mundiales o la epidemia del ébola. Oye, ¿no parece eso como otro fuerte remake japonés, algo llamado pulso? Sí, día tras día, se está volviendo más fácil de sostener un rencor ... contra las mieras de Hollywood.",negative,negativo
90,"""Down Periscope"" has been in our library since it first arrived in VHS. Since then, we have acquired the DVD and a digital from Cinema Now.It is a quirky flick that does not go militarily overboard as either pro or con. It is first and foremost a comedy and as a vehicle for the main characters, I am quite surprised that a sequel has never been offered.The movie has gained a following that borders on a cult obsession, even among the very young. I became aware of this while visiting the USS Drum in Mobile, Alabama in 2002. A group of Cub Scouts, my grandson among them, had all taken up the roles from the movie and planned to relive it during their overnighter on board.It is a fun romp that makes you proud both of our Navy and Hollywood... which is rare company.Thanks to Kelsey Grammar, Lauren Holly and Rob Schneider for making what could have been an otherwise unremarkable movie, such great entertainment!","""Down Periscope"" ha estado en nuestra biblioteca desde que llegó por primera vez a VHS.Desde entonces, hemos adquirido el DVD y un Digital desde el cine ahora. Es una película peculiar que no va milicamente por la borda como PRO o CONF.Es lo primero y, en primer lugar, una comedia y como un vehículo para los personajes principales, me sorprende bastante que nunca se haya ofrecido una secuela. La película ha ganado una siguiente que frontera a una obsesión de culto, incluso entre los muy jóvenes.Me di cuenta de esto, mientras visitaba el Tambor Uss en Mobile, Alabama en 2002. Un grupo de Cub Scouts, mi nieto entre ellos, había ocupado los roles de la película y había planeado revivirlo durante su creciente a bordo.Un divertido rompe que te hace sentir orgulloso de nuestra Marina y Hollywood ... que es una compañía rara. Gracias a Kelsey Grammar, Lauren Holly y Rob Schneider por hacer lo que podría haber sido una película de otra manera, ¡un gran entretenimiento!",positive,positivo
91,"If you came here, it's because you've already seen this film and were curious what others had to say about it.I feel for you, I *really* do. And I profusely apologize as a Canadian (because that's what we do) that this film ever had to cross your eyes, if only for a moment. I hear there is no cure for the retinal bleeding reported out of every dozen cases.I, like everyone else, rented this movie believing it to be some stupid B-movie ripoff of Blade. I thought, ""sure I could use a good laugh at a stupid movie."" I'll give the creators of this film ONE positive comment about their 'creation': Thanks for removing the REC XX/XX/XX from the bottom right-hand corner of the screen. I can see how that would have been a distraction from seeing this movie.And for the record, I *saw* the movie, but did not watch it. The dialogue was incoherent and most of the scenes took place in my grandmother's trailer, I swear to God.You know what? I'm not writing anymore about this. It's just too painful.","Si viniste aquí, es porque ya has visto esta película y teníamos curiosidad lo que otros tuvieron que decir al respecto. Siento por ti, yo * Realmente * hacer.Y me disculpo profusamente como un canadiense (porque eso es lo que hacemos) que esta película tuvo que cruzar los ojos, aunque solo por un momento.Escuché que no hay cura para el sangrado retiniano reportado de cada docena de casos., Al igual que todos los demás, alquiló esta película que creía que era una estafa de blade de la película B de estúpida.Pensé: ""Claro que podría usar una buena risa de una película estúpida"".Le daré a los creadores de esta película un comentario positivo sobre su 'creación': gracias por eliminar la REC XX / XX / XX desde la esquina inferior derecha de la pantalla.Puedo ver cómo habría sido una distracción al ver esta película. Y para el registro, yo * Saw * The Movie, pero no lo miró.El diálogo fue incoherente y la mayoría de las escenas tuvieron lugar en el remolque de mi abuela, lo juro por Dios. ¿Sabes qué?Ya no estoy escribiendo sobre esto.Es demasiado doloroso.",negative,negativo
92,"Deanna Durbin, Nan Grey and Barbara Read are ""Three Smart Girls"" in this Universal film from 1936, which introduces Deanna Durbin to film audiences. It also stars Ray Milland, Mischa Auer, Charles Winninger, John King, Binnie Barnes and Alice Brady. It's a sweet story about three young women, now living in Switzerland with their divorced mother, who hear their father (Winninger) is marrying again. Not having seen him in 10 years and knowing their mother still loves him, they board a ship to America, with the help of the housekeeper/nanny, determined to stop the wedding. Realizing that the intended, called ""Precious"" (Barnes) is nothing but a gold-digger aided and abetted by her mother (Brady), they arrange for her to be introduced to a wealthy Count. This is arranged by their father's accountant (King). The man he chooses is a full-time drunk (Auer), but the girls mistake him for an actual wealthy count (Milland). What a mess.This is a delightful film, not cloying or overly sugary at all, with some nice performances, particularly by Auer, Milland, Barnes and Brady. The young women are pretty and all do good work. The emphasis, of course, is on young Durbin, who is a natural actress and a beautifully-trained singer. In fact, her voice as a youngster is much more even than it would be as an adult - she has no trouble with the high notes, as she did later on because she put too much weight in the middle voice. She sings a delightful ""Il Bacio"" in a police station.One of the nicest things about the film is to see the father, played by Charles Winninger, not want his children around - until he sees them and gets to know them. Barnes as the gold-digger isn't all that young, but the girls' mother looks way up there, so the inference probably was the older man seeking his youth with a younger, more glamorous woman. In fact, he finds the youth he was seeking in his daughters.Universal gives Durbin the big star buildup here - she has the final shot in the movie. Ray Milland at this point was still paying his dues, and it will probably be a surprise even to film fans how young and attractive he is.Very entertaining and of course, this led to a sequel and big stardom for Deanna.","Deanna Durbin, Nan Gray y Barbara Leer son ""Three Smart Girls"" en esta película universal de 1936, que introduce Deanna Durbin a las audiencias de películas. También protagoniza a Ray Milland, Mischa Auer, Charles Winninger, John King, Binnie Barnes y Alice Brady. Es una dulce historia sobre tres mujeres jóvenes, ahora viviendo en Suiza con su madre divorciada, que escuchan a su padre (ganador) se está casando de nuevo. No haberlo visto en 10 años y conocer a su madre todavía lo ama, abordan un barco a América, con la ayuda de la ama de llaves / Niñera, decidida a detener la boda. Al darse cuenta de que la intención, llamada ""preciosa"" (Barnes) no es más que una excavadora de oro ayudada y abarrotada por su madre (Brady), organizan para que se le presenten a un recuento rico. Esto está organizado por el contador de su padre (King). El hombre que elige es un borracho de tiempo completo (Auer), pero las chicas lo confunden con un verdadero conteo rico (Milland). Qué desorden. Esta es una película encantadora, no estrechada o demasiado azucarada en absoluto, con algunas actuaciones agradables, especialmente por Auer, Milland, Barnes y Brady. Las mujeres jóvenes son bonitas y todas hacen buen trabajo. El énfasis, por supuesto, está en el joven Durbin, que es una actriz natural y un cantante bellamente entrenado. De hecho, su voz como joven es mucho más incluso incluso de lo que sería como adulto, ella no tiene problemas con las notas altas, como lo hizo más tarde porque ella puso demasiado peso en la voz media. Ella canta un delicioso ""Il Bacio"" en una estación de policía. Una de las mejores cosas de la película es ver al Padre, interpretado por Charles Winninger, no quiere que sus hijos se encuentren cerca, hasta que los vea y los conoce. Barnes como la excavadora de oro no es tan joven, pero la madre de las niñas se ve por ahí, por lo que la inferencia probablemente era el hombre mayor que buscaba a su juventud con una mujer más joven y glamorosa. De hecho, encuentra a los jóvenes que buscaba en sus hijas. Suiversal le da a Durbin la gran acumulación de estrellas aquí, ella tiene el disparo final en la película. Ray Milland en este punto todavía estaba pagando sus cuotas, y probablemente será una sorpresa incluso para pelear a los fanáticos lo joven y atractivo que es .Muy entretenimiento y, por supuesto, esto llevó a una secuela y un gran estruendo para Deanna.",positive,positivo
93,"If anyone is wondering why no one makes movies like they used to, with conversation, character and a simple theme of friendship struggling to evolve into something new, better and different, those folks need to take in this film and see top notch writing, directing, and acting that melds into a wonderful evening of observation on how things used to be in Italy and England. Other days, other times funneled into a terrific comedy of entertainment, made in 1992 with Alfred Molina, Joan Plowright, Polly Walker, Josie Lawrence, Jim Broadbent, Miranda Richardson, and Michael Kitchens in the major roles. Under the brush stroke direction of Mike Newell, these actors accomplish vividly memorable performances that are photographed with a sublimely subtle painter's eye. Reminiscent of the theatrical bedroom farce of the turn of the century, this film might be called a friendship farce that becomes a worthwhile experience in the growth of the romantic nature within each character, and the viewer, too. An artistic telegram on the importance of caring about those around us.","Si alguien se pregunta por qué nadie hace películas como solían, con conversación, carácter y un tema simple de la amistad que luchan por evolucionar en algo nuevo, mejor y diferente, aquellas personas deben tomar en esta película y ver la escritura de primera categoría, dirigiendo , y actuando que se funde en una maravillosa velada de observación sobre cómo las cosas solían estar en Italia e Inglaterra. Otros días, otras ocasiones se canalizan en una excelente comedia de entretenimiento, realizadas en 1992 con Alfred Molina, Joan Plowright, Polly Walker, Josie Lawrence, Jim Broadbent, Miranda Richardson y Michael Kitchens en los principales roles. Bajo la dirección de la carrera de pinceles de Mike Newell, estos actores logran actuaciones vívidamente memorables que se fotografían con un ojo de pintor sublimemente sutil. Reminiscente a la farsa del dormitorio teatral de principios de siglo, esta película podría llamarse una farsa de amistad que se convierte en una experiencia que vale la pena en el crecimiento de la naturaleza romántica dentro de cada personaje, y el espectador también. Un telegrama artístico sobre la importancia de cuidar de quienes nos rodean.",positive,positivo
94,"I watched this series out of curiosity,wanting to see if they could possibly and with ALL this modern technology,out do Cecil B. DeMille's classic epic of 1956, starring Charleton Heston,Yul Brenner and Sir Cedric Hardwicke. Of course, I was let down. Yes, they had all the Biblical characters correct, but they didn't give us any of the spectacular theatrical scenes, that held your interest throughout the first movie. If you going to have a mini-series, you have to have some ""rivoting"" scenes, the ""Burning bush"", Parting the ""RED Sea"",drowning ""Pharohs Armies"", ""building Sethi's Pyramids"", could have been done with todays' technology on the scale of blockbuster movies such as ""Lord of the Rings"" or the Matrix. Obviously, they didn't want to leave a LASTING impression of ""faith and sacrifice"", which is much needed in these trouble times.","Vi a esta serie por curiosidad, con ganas de ver si posiblemente podían y con toda esta tecnología moderna, la epopeya clásica de 1956 de Cecil B. Demille, protagonizada por Charleton Heston, Yul Brenner y Sir Cedric Hardwicke.Por supuesto, me decepcionaron.Sí, tenían todos los personajes bíblicos correctos, pero no nos dieron ninguna de las escenas teatrales espectaculares, que mantuvo su interés a lo largo de la primera película.Si va a tener una mini series, debe tener algunas escenas de ""Rivoting"", el ""arbusto quemado"", separando el ""Mar Rojo"", que se ahoga ""Ejércitos de Pharohs"", ""Las pirámides de Sethi"", podrían haberse hecho conLa tecnología de hoy en la escala de las películas de taquilla, como ""Señor de los anillos"" o la matriz.Obviamente, no querían dejar una impresión duradera de ""fe y sacrificio"", que es muy necesario en estos tiempos de problema.",negative,negativo
95,"Daniel Day-Lewis is the most versatile actor alive. English aristocratic snob in A Room With a View, passionate Irish thief in In the Name of the Father, an impudent, violent butcher in Gangs of New York (in a performance ten times stronger than Adrian Brody's in the Pianist) and as the outrageous Cristy Brown with cerebral palsy in My Left Foot (just to name a few). His roles all influence eachother, but each is seperate, and utterly unique. He changes completely, with each character he takes on. And I'm beginning to believe that he can act as anything. Anything.As Cristy Brown he is stunning. He does not ridicule the character, and he does not pity the character. A difficult achievement. And Cristy Brown comes to life. A smart man. An outrageous man. Human.This movie, despite small scene-transition faults and the like, is an inspiration. Yes, it's predictable. But is it stupidly sentimental? No. I laughed. I cried. Not a single moment of cheese. Proof that this isn't a Hollywood movie.My favourite scene is the scene in the restaurant, when Cristy is discussing painters with Eileen, Peter and her friends. Here's where Daniel Day-Lewis reaches an acting climax. ""I'll kick you in the only part of your anatomy that's animated."" ""Wheel out the cripple!"" And his performance never slows down, never falters, and is beautiful. Simply. He has a lot of screen time here. I watch it again again, and I never get tired of Cristy's perspicacious eyes, twitching and guttural speeches.A must-see. Fo sho, yo!","Daniel Day-Lewis es el actor más versátil vivo. English Aristocratic Snob en una habitación con vistas, el apasionado ladrón irlandés en el nombre del Padre, un carnicero imprudente y violento en las pandillas de Nueva York (en una actuación diez veces más fuerte que la brodia Adriana en el pianista) y como la escandalosa cristina Marrón con parálisis cerebral en mi pie izquierdo (solo para nombrar algunos). Todos sus roles influyen en los demás, pero cada uno es separado, y absolutamente único. Cambia por completo, con cada personaje que asume. Y estoy empezando a creer que él puede actuar como cualquier cosa. CUALQUIER CUALQUIER MANERA DE CRISTY ES ATRÁS INTENTENCIA. Él no hace ridiculizar al personaje, y él no lástima al personaje. Un logro difícil. Y Cristy Brown cobra vida. Un hombre inteligente. Un hombre escandaloso. Human.Este película, a pesar de las pequeñas fallas en la transición de la escena y similares, es una inspiración. Sí, es predecible. ¿Pero es estúpidamente sentimental? No. Me reí. Lloré. No es un solo momento de queso. Prueba de que esta no es una película de Hollywood. La escena favorita es la escena en el restaurante, cuando Cristy está discutiendo a los pintores con Eileen, Peter y sus amigos. Aquí es donde Daniel Day-Lewis llega a un clímax actuando. ""Te patearé en la única parte de tu anatomía que está animada"". ""¡Rueda hacia fuera el paralizado!"" Y su actuación nunca se ralentiza, nunca se vacila, y es hermosa. Simplemente. Él tiene mucho tiempo de pantalla aquí. Me lo veo de nuevo otra vez, y nunca me canso de los ojos perspicaces de Cristy, quejas y los discursos guturos. Una visita obligada. Fo sho, yo!",positive,positivo
96,"My guess would be this was originally going to be at least two parts, and thus at least a quarter longer, because otherwise how can one explain its confused, abbreviated storyline. I was never completely lost, but I was often partially lost and usually unclear on character motivation. The movie feels as though joining plot points were dropped to squeeze it into its time slot.If it were longer, it might make more sense, but it still wouldn't be much good. The movie's most interesting idea is of the war between Zeus and Hera as being a war between the male and female, but the movie drops the ball on this, making Hera's followers fairly horrible while not being clear on what Zeus' followers do or believe. The movie is also interesting because you don't see the gods and there's no real certainty that they exist. So it's got a couple of intriguing ideas, but it doesn't do anything useful with them.Bad dialog, cardboard characters, and one interesting scene involving Hercules and his three antagonistic sons. Not unwatchable but also not worth watching.","Mi conjetura sería que esto originalmente vaya a ser de al menos dos partes, y por lo tanto, al menos un cuarto más, porque de lo contrario, ¿cómo puede uno explicar su historia confusa y abreviada? Nunca me perdí por completo, pero a menudo me perdí parcialmente y, por lo general, no estaba claro en la motivación del carácter. La película se siente como si los puntos de unión se cayeran para apretarlo en su tragamonedas. Si aún era más largo, podría tener más sentido, pero aún así no sería mucho bueno. La idea más interesante de la película es de la guerra entre Zeus y Hera como una guerra entre el hombre y la mujer, pero la película deja caer la pelota en esto, haciendo que los seguidores de Hera sean bastante horribles, sin dejar de ser claros en lo que hacen o creen los seguidores de Zeus. La película también es interesante porque no ves a los dioses y no hay una certeza real de que existan. Así que tiene un par de ideas intrigantes, pero no hace nada útil con ellos. Diálogo de ladero, personajes de cartón y una escena interesante que involucra a Hércules y sus tres hijos antagónicos. No sin embargo, pero tampoco vale la pena observar.",negative,negativo
97,"Well, I like to watch bad horror B-Movies, cause I think it's interesting to see stupidity and unability of creators to shoot seriously good movie. (I always compare this movies to - for example - some Spielberg's works and again-and-again don't understand the huge difference in what I see.) I like Ed Wood's movies cause it's so inept it's very funny. But people!!! ""The Chilling"" is not funny and is not even ""interesting"". It's EXTREMELY BORING horror movie without ANYTHING what makes even bad movies watchable. There's no acting, no screenplay, no direction, no thrills and not even blood. It's extremely inept amateurish film. It's definitely the WORST movie I had ever seen (and I had seen a lot of ""worst movies"" - believe me). I warned you !!! 1/10","Bueno, me gusta ver películas de mal terror, porque creo que es interesante ver la estupidez y la inquietud de los creadores para disparar seriamente una buena película.(Siempre comparo estas películas para, por ejemplo, algunas obras de Spielberg y otra vez, y otra vez, no entiendo la gran diferencia en lo que veo). Me gustan las películas de Ed Wood porque es tan inepto que es muy divertido.¡¡¡Pero la gente!!!""El escalofrío"" no es gracioso y ni siquiera es ""interesante"".Es una película de terror extremadamente aburrida sin nada, lo que hace que las películas malas se vean.No hay actuación, sin guión, sin dirección, sin emociones y ni sangre ni sangre.Es una película amateurizada extremadamente inept.Definitivamente es la peor película que había visto (y había visto muchas ""peores películas"", créeme).Te lo adverti !!!1/10",negative,negativo
98,"This IS the worst movie I have ever seen, as well as, the worst that I will probably EVER see. I see no need to rehash what all the others have said previously, just be forewarned...This IS NOT one of those bad movies you think you want to watch because you want to be able to make fun of it, its just plain BAD BAD BAD BAD BAD.This movie is the equivalent to having a ""pet rock"" as your friend. You wait and wait and wait and wait and wait and wait and wait and wait for something to happen. Unfortunately, it never does. At least with a pet rock you knew what you were getting into. Lion's Gate completely deceives on this bombshell... No...this is a disaster. After watching this film, you would swear George W. Bush had his hands all over the making of this film... yes its that idiotic.Stay away, unless of course you just want to watch the worst movie of all time. Its probably how Lion's Gate figured it would make some money off this piece of tripe.","Esta es la peor película que he visto, así como, lo peor que probablemente veré.No veo que no hay necesidad de volver ahabear lo que todos los demás han dicho anteriormente, solo estar prevenido ... esta no es una de esas películas malas que crees que quieres ver porque quieres poder burlarse de eso, es simplemente malo.Mal mal mal estado malo. Esta película es el equivalente a tener una ""Pet Rock"" como tu amigo.Espera y espere y espere y espere y espere y espere y espere y espere y espere a que suceda algo.Desafortunadamente, nunca lo hace.Al menos con una roca de mascotas, sabías de lo que estabas metiendo.La puerta de León engañó completamente a esta bomba ... no ... Este es un desastre.Después de ver esta película, jurarías que George W. Bush tenía las manos en toda la realización de esta película ... Sí, es que Idiotic. Se aleja, a menos que, por supuesto, solo quiere ver la peor película de todos los tiempos.Probablemente, cómo la puerta de León pensó que haría un poco de dinero de esta pieza de trompa.",negative,negativo
99,"I have been a Mario fan for as long as I can remember, I have very fond memories of playing Super Mario World as a kid, this game has brought back many of those memories while adding something new. Super Mario Galaxy is the latest installment in the amazing Mario franchise. There is much very different about this game from any other Mario before it, while still keeping intact the greatest elements of Mario, the first noticeable difference is that the story takes place in space.The story begins much like any other Mario game, Mario receives a letter from Princess Peach inviting him to a celebration at her castle in the Mushroom Kingdom. Upon arriving at Peach's castle Mario finds Bowser and his son (Bowser Jr.) attacking the castle with their airships. Bowser kidnaps Princess Peach and then lifts her castle up into space. In the midst of the castle being lifted into space Mario falls off and lands on an unknown planet. Mario is found by a talking star named Luma and is taken back to the Luma's home, a floating space station, here Mario meets many other Lumas and also meets their leader, a woman named Rosalina. Rosalina tells Mario that Bowser has taken away the space station's Power Stars and scattered them across the universe, it is up to Mario to help the Lumas find them and save Peach, thus the adventure begins.The way you play the game is by flying from the space station to other galaxies, each galaxy consists of multiple planets that Mario travels amongst in levels via these shooting stars to retrieve the Power Stars. Mario can at many times walk all the way around planets without losing gravity, some planets are small and others are big, many planets are similar to classic Mario environments. The best thing about the game are the controls, all of the stuff like jumping and such is still the same, but the wiimote is used in many unique ways in this game. You shake the remote Mario will perform a spin that is used as the primary attack in the game, and it will as well activate the shooting stars. You can also point the remote at the screen and use the pointer to fire star bits at enemies or objects in the environment. Then there is the graphics, these are by far the best graphics on the Wii, it is just so hard to describe how great this game looks, you could probably almost say it looks as good as some 360 games.My only minor gripes is that the going upside down effect takes some getting used to, and also the story is pretty weak. The worst part is that you lose all of your lives when you turn off the game, no matter how many you had when you last quit you restart at 4 lives. Still these minor problems aside it's a superb game that is highly entertaining and is very challenging. This is the type of game that we've been waiting for on the Wii.A perfect 10 out of 10!","He sido un fanático de Mario siempre y cuando pueda recordar, tengo buenos recuerdos de jugar al mundo de Super Mario como un niño, este juego ha traído muchos de esos recuerdos mientras agrega algo nuevo. Super Mario Galaxy es la última entrega en la increíble franquicia Mario. Hay mucho de este juego de cualquier otro juego de cualquier otro Mario antes que, mientras sigue teniendo los mejores elementos de Mario, la primera diferencia notable es que la historia tiene lugar en el espacio. La historia comienza mucho como cualquier otro juego de Mario, Mario recibe. Una carta de la princesa Peach lo invitó a una celebración en su castillo en el reino de hongos. Al llegar al castillo de Peach, Mario encuentra a Bowser y su hijo (Bowser Jr.) atacando el castillo con sus aeronaves. Bowser secuestra a la princesa melocotón y luego levanta su castillo en el espacio. En medio del castillo, se está levantando al espacio, Mario se cae y aterriza en un planeta desconocido. Mario es encontrado por una estrella que habla llamada Luma y se lleva de vuelta a la casa de Luma, una estación espacial flotante, aquí Mario se encuentra con muchas otras lumas y también se encuentra con su líder, una mujer llamada Rosalina. Rosalina le dice a Mario que Bowser ha quitado las estrellas de poder de la estación espacial y las dispersó a través del universo, depende de Mario para ayudar a los Lumas a encontrarlos y salvar a Melocotón, así comienza la aventura. La forma en que juegas es volando desde La estación espacial a otras galaxias, cada galaxia consta de múltiples planetas que Mario viaja entre los niveles a través de estas estrellas fugaces para recuperar las estrellas de poder. Mario puede, a muchas veces, paseando por todos los planetas sin perder la gravedad, algunos planetas son pequeños y otros son grandes, muchos planetas son similares a los entornos de Mario Classic. Lo mejor del juego son los controles, todas las cosas como saltar y tal siguen siendo las mismas, pero el Wiimote se usa de muchas maneras únicas en este juego. Agites el remoto Mario realizará un giro que se usa como el ataque primario en el juego, y también activará las estrellas fugaces. También puede señalar el control remoto en la pantalla y usar el puntero para disparar bits de estrella en enemigos u objetos en el medio ambiente. Luego están los gráficos, estos son, con mucho, los mejores gráficos de la Wii, es tan difícil describir lo bueno que se ve este juego, probablemente podría decir que se ve tan bien como unos 360 juegos. My solo las gripes menores es que El efecto al revés que se está acostumbrando, y también la historia es bastante débil. La peor parte es que pierdes todas tus vidas cuando te apagas el juego, sin importar cuántos tuvieras cuando te dejara de renunciar a las 4 vidas. Aún así, estos problemas menores, aparte, es un juego excelente que es muy entretenido y es muy desafiante. ¡Este es el tipo de juego que hemos estado esperando en la Wii.A perfecto 10 de 10!",positive,positivo
100,"This short film that inspired the soon-to-be full length feature - Spatula Madness - is a hilarious piece that contends against similar cartoons yielding multiple writers. The short film stars Edward the Spatula who after being fired from his job, joins in the fight against the evil spoons. This premise allows for some funny content near the beginning, but is barely present for the remainder of the feature. This film's 15-minute running time is absorbed by some odd-ball comedy and a small musical number. Unfortunately not much else lies below it. The plot that is set up doesn't really have time to show. But it's surely follows it plot better than many high-budget Hollywood films. This film is worth watching at least a few times. Take it for what it is, and don't expect a deep story.","Este cortometraje que inspiró la próxima función de longitud completa: la locura de la espátula: es una pieza hilarante que satisface caricaturas similares produciendo múltiples escritores.El cortometraje dice a Edward la espátula que después de ser despedida de su trabajo, se une a la lucha contra las malas cucharas.Esta premisa permite un contenido divertido cerca del principio, pero apenas está presente por el resto de la característica.El tiempo de funcionamiento de 15 minutos de esta película es absorbido por una comedia de bola impar y un pequeño número musical.Lamentablemente, no mucho más se encuentra debajo de ella.La parcela que se configura realmente no tiene tiempo para mostrar.Pero seguramente es seguramente la trama mejor que muchas películas de Hollywood de alto presupuesto.Vale la pena observar esta película al menos unas cuantas veces.Tómalo por lo que es, y no esperes una historia profunda.",positive,positivo
